{
	"format_version": "1.12.0",
	"minecraft:geometry": [
		{
			"description": {
				"identifier": "geometry.unknown",
				"texture_width": 64,
				"texture_height": 64,
				"visible_bounds_width": 5,
				"visible_bounds_height": 2.5,
				"visible_bounds_offset": [0, 0.75, 0]
			},
			"bones": [
				{
					"name": "positioning",
					"pivot": [-3.025, -8.95, -11.225]
				},
				{
					"name": "ground",
					"parent": "positioning",
					"pivot": [0, -6.825, 1.05]
				},
				{
					"name": "fixed",
					"parent": "positioning",
					"pivot": [13, 0.925, 1.175],
					"rotation": [0, 90, 0]
				},
				{
					"name": "thirdperson_hand",
					"parent": "positioning",
					"pivot": [0, -1.525, 5.50755]
				},
				{
					"name": "lod",
					"pivot": [0, 0, 0],
					"cubes": [
						{
							"origin": [-1.0625, -5.625, 21.25],
							"size": [2.125, 5.75, 1.3125],
							"uv": {
								"north": {"uv": [2, 38], "uv_size": [2, 6]},
								"east": {"uv": [20, 42], "uv_size": [1, 6]},
								"south": {"uv": [38, 18], "uv_size": [2, 6]},
								"west": {"uv": [29, 42], "uv_size": [1, 6]},
								"up": {"uv": [0, 51], "uv_size": [2, 1]},
								"down": {"uv": [51, 1], "uv_size": [2, -1]}
							}
						},
						{
							"origin": [-1.0625, -1.3125, -12.0625],
							"size": [2.125, 1.4375, 33.3125],
							"uv": {
								"north": {"uv": [51, 1], "uv_size": [2, 1]},
								"east": {"uv": [18, 4], "uv_size": [33, 1]},
								"south": {"uv": [2, 51], "uv_size": [2, 1]},
								"west": {"uv": [18, 5], "uv_size": [33, 1]},
								"up": {"uv": [4, 4], "uv_size": [2, 33]},
								"down": {"uv": [6, 37], "uv_size": [2, -33]}
							}
						},
						{
							"origin": [-0.8125, -5.97743, 3.46831],
							"size": [1.625, 2.75, 5.5625],
							"pivot": [0, -4.28993, 7.99956],
							"rotation": [-61, 0, 0],
							"uv": {
								"north": {"uv": [6, 43], "uv_size": [2, 3]},
								"east": {"uv": [14, 29], "uv_size": [6, 3]},
								"south": {"uv": [18, 43], "uv_size": [2, 3]},
								"west": {"uv": [29, 28], "uv_size": [6, 3]},
								"up": {"uv": [21, 38], "uv_size": [2, 6]},
								"down": {"uv": [23, 44], "uv_size": [2, -6]}
							}
						},
						{
							"origin": [-0.8125, -5.03993, 12.28081],
							"size": [1.625, 1.5, 9.0625],
							"pivot": [0, -4.28993, 16.81206],
							"rotation": [-7, 0, 0],
							"uv": {
								"north": {"uv": [15, 47], "uv_size": [2, 2]},
								"east": {"uv": [28, 14], "uv_size": [9, 2]},
								"south": {"uv": [17, 47], "uv_size": [2, 2]},
								"west": {"uv": [30, 6], "uv_size": [9, 2]},
								"up": {"uv": [10, 30], "uv_size": [2, 9]},
								"down": {"uv": [12, 39], "uv_size": [2, -9]}
							}
						},
						{
							"origin": [-0.8125, -5.41493, 8.84331],
							"size": [1.625, 3.5, 3.625],
							"pivot": [0, -4.28993, 16.81206],
							"rotation": [-7, 0, 0],
							"uv": {
								"north": {"uv": [18, 39], "uv_size": [2, 4]},
								"east": {"uv": [30, 8], "uv_size": [4, 4]},
								"south": {"uv": [34, 41], "uv_size": [2, 4]},
								"west": {"uv": [29, 31], "uv_size": [4, 4]},
								"up": {"uv": [36, 41], "uv_size": [2, 4]},
								"down": {"uv": [38, 45], "uv_size": [2, -4]}
							}
						},
						{
							"origin": [-2.5, -1.75, -10.8125],
							"size": [5.0625, 0.375, 11.75],
							"uv": {
								"north": {"uv": [45, 23], "uv_size": [5, 1]},
								"east": {"uv": [36, 24], "uv_size": [12, 1]},
								"south": {"uv": [45, 40], "uv_size": [5, 1]},
								"west": {"uv": [38, 10], "uv_size": [12, 1]},
								"up": {"uv": [8, 4], "uv_size": [5, 12]},
								"down": {"uv": [13, 16], "uv_size": [5, -12]}
							}
						},
						{
							"origin": [-0.8125, -3.0625, -9.5625],
							"size": [1.625, 1.6875, 9.8125],
							"uv": {
								"north": {"uv": [47, 20], "uv_size": [2, 2]},
								"east": {"uv": [18, 14], "uv_size": [10, 2]},
								"south": {"uv": [21, 47], "uv_size": [2, 2]},
								"west": {"uv": [21, 26], "uv_size": [10, 2]},
								"up": {"uv": [21, 28], "uv_size": [2, 10]},
								"down": {"uv": [23, 38], "uv_size": [2, -10]}
							}
						},
						{
							"origin": [-0.8125, -3.0625, 1.4375],
							"size": [1.625, 1.8125, 3.6875],
							"uv": {
								"north": {"uv": [23, 47], "uv_size": [2, 2]},
								"east": {"uv": [41, 29], "uv_size": [4, 2]},
								"south": {"uv": [27, 47], "uv_size": [2, 2]},
								"west": {"uv": [40, 41], "uv_size": [4, 2]},
								"up": {"uv": [10, 42], "uv_size": [2, 4]},
								"down": {"uv": [12, 46], "uv_size": [2, -4]}
							}
						},
						{
							"origin": [-1.0625, 0.125, 12.8125],
							"size": [2.125, 2.5625, 6.5],
							"inflate": 0.002,
							"uv": {
								"north": {"uv": [21, 44], "uv_size": [2, 3]},
								"east": {"uv": [14, 26], "uv_size": [7, 3]},
								"south": {"uv": [23, 44], "uv_size": [2, 3]},
								"west": {"uv": [26, 18], "uv_size": [7, 3]},
								"up": {"uv": [18, 32], "uv_size": [2, 7]},
								"down": {"uv": [29, 42], "uv_size": [2, -7]}
							}
						},
						{
							"origin": [-1.0625, 0.10454, 7.30259],
							"size": [2.125, 1.5, 9.6875],
							"uv": {
								"north": {"uv": [47, 37], "uv_size": [2, 2]},
								"east": {"uv": [26, 21], "uv_size": [10, 2]},
								"south": {"uv": [44, 47], "uv_size": [2, 2]},
								"west": {"uv": [26, 23], "uv_size": [10, 2]},
								"up": {"uv": [25, 28], "uv_size": [2, 10]},
								"down": {"uv": [27, 38], "uv_size": [2, -10]}
							}
						},
						{
							"origin": [-0.75, 0.10454, -16.69741],
							"size": [1.625, 1.875, 33.6875],
							"uv": {
								"north": {"uv": [46, 47], "uv_size": [2, 2]},
								"east": {"uv": [0, 0], "uv_size": [34, 2]},
								"south": {"uv": [48, 6], "uv_size": [2, 2]},
								"west": {"uv": [0, 2], "uv_size": [34, 2]},
								"up": {"uv": [0, 4], "uv_size": [2, 34]},
								"down": {"uv": [2, 38], "uv_size": [2, -34]}
							}
						},
						{
							"origin": [-3.3125, 0.41704, -9.69741],
							"size": [6.4375, 1.75, 1.75],
							"uv": {
								"north": {"uv": [38, 35], "uv_size": [6, 2]},
								"east": {"uv": [10, 48], "uv_size": [2, 2]},
								"south": {"uv": [38, 37], "uv_size": [6, 2]},
								"west": {"uv": [12, 48], "uv_size": [2, 2]},
								"up": {"uv": [39, 6], "uv_size": [6, 2]},
								"down": {"uv": [38, 41], "uv_size": [6, -2]}
							}
						},
						{
							"origin": [-0.65219, 1.59512, -19.57241],
							"size": [0.75, 0.75, 36.5625],
							"pivot": [-0.0625, 1.66704, 0.14634],
							"rotation": [0, 0, 45],
							"uv": {
								"north": {"uv": [13, 41], "uv_size": [1, 1]},
								"east": {"uv": [8, 16], "uv_size": [37, 1]},
								"south": {"uv": [19, 51], "uv_size": [1, 1]},
								"west": {"uv": [8, 17], "uv_size": [37, 1]},
								"up": {"uv": [8, 18], "uv_size": [1, 37]},
								"down": {"uv": [9, 55], "uv_size": [1, -37]}
							}
						},
						{
							"origin": [-0.84589, 2.03216, -21.17441],
							"size": [0.75, 0, 2.3125],
							"pivot": [-0.47089, 2.03216, -19.51816],
							"rotation": [0, -18, 0],
							"uv": {
								"north": {"uv": [0, 0], "uv_size": [1, 0]},
								"east": {"uv": [0, 0], "uv_size": [2, 0]},
								"south": {"uv": [0, 0], "uv_size": [1, 0]},
								"west": {"uv": [0, 0], "uv_size": [2, 0]},
								"up": {"uv": [13, 39], "uv_size": [1, 2]},
								"down": {"uv": [48, 31], "uv_size": [1, -2]}
							}
						},
						{
							"origin": [0.09589, 2.03216, -21.17441],
							"size": [0.75, 0, 2.3125],
							"pivot": [0.47089, 2.03216, -19.51816],
							"rotation": [0, 18, 0],
							"uv": {
								"north": {"uv": [0, 0], "uv_size": [1, 0]},
								"east": {"uv": [0, 0], "uv_size": [2, 0]},
								"south": {"uv": [0, 0], "uv_size": [1, 0]},
								"west": {"uv": [0, 0], "uv_size": [2, 0]},
								"up": {"uv": [48, 35], "uv_size": [1, 2]},
								"down": {"uv": [13, 52], "uv_size": [1, -2]}
							}
						},
						{
							"origin": [-0.6759, 2.03216, -21.05217],
							"size": [0.75, 0, 2.3125],
							"pivot": [0, 2.03216, -19.99369],
							"rotation": [0, -18, -90],
							"uv": {
								"north": {"uv": [0, 0], "uv_size": [1, 0]},
								"east": {"uv": [0, 0], "uv_size": [2, 0]},
								"south": {"uv": [0, 0], "uv_size": [1, 0]},
								"west": {"uv": [0, 0], "uv_size": [2, 0]},
								"up": {"uv": [51, 2], "uv_size": [1, 2]},
								"down": {"uv": [4, 53], "uv_size": [1, -2]}
							}
						},
						{
							"origin": [-0.0741, 2.03216, -21.05217],
							"size": [0.75, 0, 2.3125],
							"pivot": [0, 2.03216, -19.99369],
							"rotation": [0, 18, -90],
							"uv": {
								"north": {"uv": [0, 0], "uv_size": [1, 0]},
								"east": {"uv": [0, 0], "uv_size": [2, 0]},
								"south": {"uv": [0, 0], "uv_size": [1, 0]},
								"west": {"uv": [0, 0], "uv_size": [2, 0]},
								"up": {"uv": [51, 4], "uv_size": [1, 2]},
								"down": {"uv": [5, 53], "uv_size": [1, -2]}
							}
						},
						{
							"origin": [-0.4375, 3.47954, -0.07241],
							"size": [0.875, 0.625, 8.75],
							"uv": {
								"north": {"uv": [48, 51], "uv_size": [1, 1]},
								"east": {"uv": [41, 27], "uv_size": [9, 1]},
								"south": {"uv": [50, 51], "uv_size": [1, 1]},
								"west": {"uv": [41, 28], "uv_size": [9, 1]},
								"up": {"uv": [27, 38], "uv_size": [1, 9]},
								"down": {"uv": [28, 47], "uv_size": [1, -9]}
							}
						},
						{
							"origin": [-0.875, 1.91704, -0.07241],
							"size": [1.75, 1.1875, 11.5],
							"uv": {
								"north": {"uv": [6, 51], "uv_size": [2, 1]},
								"east": {"uv": [38, 11], "uv_size": [12, 1]},
								"south": {"uv": [51, 6], "uv_size": [2, 1]},
								"west": {"uv": [39, 25], "uv_size": [12, 1]},
								"up": {"uv": [10, 18], "uv_size": [2, 12]},
								"down": {"uv": [12, 30], "uv_size": [2, -12]}
							}
						},
						{
							"origin": [-1.1875, 0.10454, 5.17759],
							"size": [2.375, 1.125, 1.4375],
							"uv": {
								"north": {"uv": [51, 7], "uv_size": [2, 1]},
								"east": {"uv": [51, 51], "uv_size": [1, 1]},
								"south": {"uv": [51, 8], "uv_size": [2, 1]},
								"west": {"uv": [0, 52], "uv_size": [1, 1]},
								"up": {"uv": [51, 9], "uv_size": [2, 1]},
								"down": {"uv": [51, 11], "uv_size": [2, -1]}
							}
						},
						{
							"origin": [-1.1875, 2.50053, 2.75281],
							"size": [2.375, 0.80857, 1],
							"uv": {
								"north": {"uv": [51, 11], "uv_size": [2, 1]},
								"east": {"uv": [1, 52], "uv_size": [1, 1]},
								"south": {"uv": [51, 12], "uv_size": [2, 1]},
								"west": {"uv": [2, 52], "uv_size": [1, 1]},
								"up": {"uv": [51, 13], "uv_size": [2, 1]},
								"down": {"uv": [51, 18], "uv_size": [2, -1]}
							}
						},
						{
							"origin": [-1.1875, 0.51924, 5.72668],
							"size": [2.375, 3.53796, 0.84494],
							"pivot": [0, 0.91704, 5.89634],
							"rotation": [54, 0, 0],
							"uv": {
								"north": {"uv": [14, 42], "uv_size": [2, 4]},
								"east": {"uv": [19, 47], "uv_size": [1, 4]},
								"south": {"uv": [16, 42], "uv_size": [2, 4]},
								"west": {"uv": [14, 48], "uv_size": [1, 4]},
								"up": {"uv": [51, 20], "uv_size": [2, 1]},
								"down": {"uv": [51, 22], "uv_size": [2, -1]}
							}
						},
						{
							"origin": [4.2743, -0.14546, -14.2673],
							"size": [0.92187, 3.625, 5.79381],
							"pivot": [4.80555, 1.66704, -11.48605],
							"rotation": [0, 30, 0],
							"uv": {
								"north": {"uv": [20, 48], "uv_size": [1, 4]},
								"east": {"uv": [18, 6], "uv_size": [6, 4]},
								"south": {"uv": [29, 48], "uv_size": [1, 4]},
								"west": {"uv": [18, 10], "uv_size": [6, 4]},
								"up": {"uv": [30, 42], "uv_size": [1, 6]},
								"down": {"uv": [44, 41], "uv_size": [1, -6]}
							}
						},
						{
							"origin": [4.2743, -0.14546, -13.3923],
							"size": [0.92187, 3.625, 0.91881],
							"pivot": [4.80555, 1.66704, -12.48605],
							"rotation": [0, 45, 0],
							"uv": {
								"north": {"uv": [30, 48], "uv_size": [1, 4]},
								"east": {"uv": [31, 48], "uv_size": [1, 4]},
								"south": {"uv": [32, 48], "uv_size": [1, 4]},
								"west": {"uv": [33, 48], "uv_size": [1, 4]},
								"up": {"uv": [52, 2], "uv_size": [1, 1]},
								"down": {"uv": [3, 53], "uv_size": [1, -1]}
							}
						},
						{
							"origin": [4.6493, -0.14546, -3.56502],
							"size": [0.5, 3.625, 3.625],
							"pivot": [4.80555, 1.66704, -0.47127],
							"rotation": [0, -30, 0],
							"uv": {
								"north": {"uv": [34, 48], "uv_size": [1, 4]},
								"east": {"uv": [14, 32], "uv_size": [4, 4]},
								"south": {"uv": [35, 48], "uv_size": [1, 4]},
								"west": {"uv": [33, 31], "uv_size": [4, 4]},
								"up": {"uv": [36, 48], "uv_size": [1, 4]},
								"down": {"uv": [37, 52], "uv_size": [1, -4]}
							}
						},
						{
							"origin": [4.5243, -0.14546, 0.05998],
							"size": [1.25, 3.75, 1.4375],
							"pivot": [4.80555, 1.66704, -0.47127],
							"rotation": [0, -30, 0],
							"uv": {
								"north": {"uv": [48, 47], "uv_size": [1, 4]},
								"east": {"uv": [49, 12], "uv_size": [1, 4]},
								"south": {"uv": [15, 49], "uv_size": [1, 4]},
								"west": {"uv": [16, 49], "uv_size": [1, 4]},
								"up": {"uv": [52, 3], "uv_size": [1, 1]},
								"down": {"uv": [52, 5], "uv_size": [1, -1]}
							}
						},
						{
							"origin": [-5.19617, -0.14546, -14.2673],
							"size": [0.92187, 3.625, 5.79381],
							"pivot": [-4.80555, 1.66704, -11.48605],
							"rotation": [0, -30, 0],
							"uv": {
								"north": {"uv": [17, 49], "uv_size": [1, 4]},
								"east": {"uv": [14, 18], "uv_size": [6, 4]},
								"south": {"uv": [18, 49], "uv_size": [1, 4]},
								"west": {"uv": [20, 18], "uv_size": [6, 4]},
								"up": {"uv": [40, 44], "uv_size": [1, 6]},
								"down": {"uv": [41, 50], "uv_size": [1, -6]}
							}
						},
						{
							"origin": [3.55383, 2.16704, -12.9548],
							"size": [0.23437, 0.375, 4.48131],
							"pivot": [3.19445, 1.66704, -11.48605],
							"rotation": [0, -35, 0],
							"uv": {
								"north": {"uv": [52, 5], "uv_size": [1, 1]},
								"east": {"uv": [31, 27], "uv_size": [4, 1]},
								"south": {"uv": [6, 52], "uv_size": [1, 1]},
								"west": {"uv": [47, 22], "uv_size": [4, 1]},
								"up": {"uv": [21, 49], "uv_size": [1, 4]},
								"down": {"uv": [22, 53], "uv_size": [1, -4]}
							}
						},
						{
							"origin": [-3.7882, 2.16704, -12.9548],
							"size": [0.23437, 0.375, 4.48131],
							"pivot": [-3.19445, 1.66704, -11.48605],
							"rotation": [0, 35, 0],
							"uv": {
								"north": {"uv": [7, 52], "uv_size": [1, 1]},
								"east": {"uv": [47, 39], "uv_size": [4, 1]},
								"south": {"uv": [13, 52], "uv_size": [1, 1]},
								"west": {"uv": [48, 16], "uv_size": [4, 1]},
								"up": {"uv": [23, 49], "uv_size": [1, 4]},
								"down": {"uv": [24, 53], "uv_size": [1, -4]}
							}
						},
						{
							"origin": [-1.2257, 2.04204, -12.9548],
							"size": [0.23437, 0.25, 13.48131],
							"pivot": [-0.63195, 1.47954, -11.48605],
							"rotation": [0, 2, 0],
							"uv": {
								"north": {"uv": [14, 52], "uv_size": [1, 1]},
								"east": {"uv": [26, 25], "uv_size": [13, 1]},
								"south": {"uv": [52, 14], "uv_size": [1, 1]},
								"west": {"uv": [30, 12], "uv_size": [13, 1]},
								"up": {"uv": [20, 29], "uv_size": [1, 13]},
								"down": {"uv": [31, 48], "uv_size": [1, -13]}
							}
						},
						{
							"origin": [0.99133, 2.04204, -12.9548],
							"size": [0.23437, 0.25, 13.48131],
							"pivot": [0.63195, 1.47954, -11.48605],
							"rotation": [0, -2, 0],
							"uv": {
								"north": {"uv": [52, 15], "uv_size": [1, 1]},
								"east": {"uv": [30, 13], "uv_size": [13, 1]},
								"south": {"uv": [52, 16], "uv_size": [1, 1]},
								"west": {"uv": [31, 26], "uv_size": [13, 1]},
								"up": {"uv": [32, 35], "uv_size": [1, 13]},
								"down": {"uv": [33, 48], "uv_size": [1, -13]}
							}
						},
						{
							"origin": [2.69686, 2.16704, -9.07164],
							"size": [0.23437, 0.375, 5.66881],
							"pivot": [2.81405, 2.35454, -6.83098],
							"rotation": [0, 25, 0],
							"uv": {
								"north": {"uv": [52, 18], "uv_size": [1, 1]},
								"east": {"uv": [44, 26], "uv_size": [6, 1]},
								"south": {"uv": [19, 52], "uv_size": [1, 1]},
								"west": {"uv": [44, 41], "uv_size": [6, 1]},
								"up": {"uv": [42, 44], "uv_size": [1, 6]},
								"down": {"uv": [43, 50], "uv_size": [1, -6]}
							}
						},
						{
							"origin": [-2.93124, 2.16704, -9.07164],
							"size": [0.23437, 0.375, 5.66881],
							"pivot": [-2.81405, 2.35454, -6.83098],
							"rotation": [0, -25, 0],
							"uv": {
								"north": {"uv": [52, 19], "uv_size": [1, 1]},
								"east": {"uv": [44, 42], "uv_size": [6, 1]},
								"south": {"uv": [20, 52], "uv_size": [1, 1]},
								"west": {"uv": [44, 44], "uv_size": [6, 1]},
								"up": {"uv": [0, 45], "uv_size": [1, 6]},
								"down": {"uv": [1, 51], "uv_size": [1, -6]}
							}
						},
						{
							"origin": [-5.19617, -0.14546, -13.3923],
							"size": [0.92187, 3.625, 0.91881],
							"pivot": [-4.80555, 1.66704, -12.48605],
							"rotation": [0, -45, 0],
							"uv": {
								"north": {"uv": [27, 49], "uv_size": [1, 4]},
								"east": {"uv": [28, 49], "uv_size": [1, 4]},
								"south": {"uv": [49, 29], "uv_size": [1, 4]},
								"west": {"uv": [49, 33], "uv_size": [1, 4]},
								"up": {"uv": [52, 23], "uv_size": [1, 1]},
								"down": {"uv": [52, 25], "uv_size": [1, -1]}
							}
						},
						{
							"origin": [-6.65012, -0.14546, -9.07241],
							"size": [0.65012, 3.625, 6.09375],
							"uv": {
								"north": {"uv": [44, 49], "uv_size": [1, 4]},
								"east": {"uv": [14, 22], "uv_size": [6, 4]},
								"south": {"uv": [45, 49], "uv_size": [1, 4]},
								"west": {"uv": [20, 22], "uv_size": [6, 4]},
								"up": {"uv": [2, 45], "uv_size": [1, 6]},
								"down": {"uv": [3, 51], "uv_size": [1, -6]}
							}
						},
						{
							"origin": [-5.1493, -0.14546, -3.56502],
							"size": [0.5, 3.625, 3.625],
							"pivot": [-4.80555, 1.66704, -0.47127],
							"rotation": [0, 30, 0],
							"uv": {
								"north": {"uv": [49, 45], "uv_size": [1, 4]},
								"east": {"uv": [34, 0], "uv_size": [4, 4]},
								"south": {"uv": [46, 49], "uv_size": [1, 4]},
								"west": {"uv": [34, 8], "uv_size": [4, 4]},
								"up": {"uv": [47, 49], "uv_size": [1, 4]},
								"down": {"uv": [49, 53], "uv_size": [1, -4]}
							}
						},
						{
							"origin": [-5.7743, -0.14546, 0.05998],
							"size": [1.25, 3.75, 1.4375],
							"pivot": [-4.80555, 1.66704, -0.47127],
							"rotation": [0, 30, 0],
							"uv": {
								"north": {"uv": [50, 0], "uv_size": [1, 4]},
								"east": {"uv": [50, 6], "uv_size": [1, 4]},
								"south": {"uv": [10, 50], "uv_size": [1, 4]},
								"west": {"uv": [50, 10], "uv_size": [1, 4]},
								"up": {"uv": [25, 52], "uv_size": [1, 1]},
								"down": {"uv": [26, 53], "uv_size": [1, -1]}
							}
						},
						{
							"origin": [6, -0.14546, -9.07241],
							"size": [0.65012, 3.625, 6.09375],
							"uv": {
								"north": {"uv": [11, 50], "uv_size": [1, 4]},
								"east": {"uv": [24, 6], "uv_size": [6, 4]},
								"south": {"uv": [12, 50], "uv_size": [1, 4]},
								"west": {"uv": [24, 10], "uv_size": [6, 4]},
								"up": {"uv": [4, 45], "uv_size": [1, 6]},
								"down": {"uv": [5, 51], "uv_size": [1, -6]}
							}
						},
						{
							"origin": [4.8125, 1.47954, -3.82241],
							"size": [1.15012, 0.5625, 5.09375],
							"pivot": [6.28125, 1.66704, -5.97866],
							"rotation": [0, -12.5, 0],
							"uv": {
								"north": {"uv": [29, 52], "uv_size": [1, 1]},
								"east": {"uv": [44, 45], "uv_size": [5, 1]},
								"south": {"uv": [30, 52], "uv_size": [1, 1]},
								"west": {"uv": [10, 46], "uv_size": [5, 1]},
								"up": {"uv": [38, 45], "uv_size": [1, 5]},
								"down": {"uv": [39, 50], "uv_size": [1, -5]}
							}
						},
						{
							"origin": [0.89943, 1.27865, -0.8626],
							"size": [2.27512, 0.5625, 1.21875],
							"pivot": [2.75574, 1.5599, -0.25323],
							"rotation": [21.08903, -23.95742, -43.52328],
							"uv": {
								"north": {"uv": [51, 22], "uv_size": [2, 1]},
								"east": {"uv": [31, 52], "uv_size": [1, 1]},
								"south": {"uv": [25, 51], "uv_size": [2, 1]},
								"west": {"uv": [32, 52], "uv_size": [1, 1]},
								"up": {"uv": [51, 25], "uv_size": [2, 1]},
								"down": {"uv": [51, 38], "uv_size": [2, -1]}
							}
						},
						{
							"origin": [3.85599, 1.47954, -0.36232],
							"size": [0.83762, 0.5625, 1.21875],
							"pivot": [4.11855, 1.76079, -1.69045],
							"rotation": [0, -31.5, 0],
							"uv": {
								"north": {"uv": [33, 52], "uv_size": [1, 1]},
								"east": {"uv": [34, 52], "uv_size": [1, 1]},
								"south": {"uv": [35, 52], "uv_size": [1, 1]},
								"west": {"uv": [36, 52], "uv_size": [1, 1]},
								"up": {"uv": [37, 52], "uv_size": [1, 1]},
								"down": {"uv": [38, 53], "uv_size": [1, -1]}
							}
						},
						{
							"origin": [0.87631, 1.22353, -3.95336],
							"size": [2.71262, 0.5625, 1.34375],
							"pivot": [3.01387, 1.50478, -3.28149],
							"rotation": [-4.92602, 8.13312, -31.35043],
							"uv": {
								"north": {"uv": [48, 17], "uv_size": [3, 1]},
								"east": {"uv": [39, 52], "uv_size": [1, 1]},
								"south": {"uv": [50, 26], "uv_size": [3, 1]},
								"west": {"uv": [40, 52], "uv_size": [1, 1]},
								"up": {"uv": [50, 27], "uv_size": [3, 1]},
								"down": {"uv": [50, 29], "uv_size": [3, -1]}
							}
						},
						{
							"origin": [-4.69361, 1.47954, -0.36232],
							"size": [0.83762, 0.5625, 1.21875],
							"pivot": [-4.11855, 1.76079, -1.69045],
							"rotation": [0, 31.5, 0],
							"uv": {
								"north": {"uv": [52, 40], "uv_size": [1, 1]},
								"east": {"uv": [41, 52], "uv_size": [1, 1]},
								"south": {"uv": [52, 41], "uv_size": [1, 1]},
								"west": {"uv": [42, 52], "uv_size": [1, 1]},
								"up": {"uv": [52, 42], "uv_size": [1, 1]},
								"down": {"uv": [43, 53], "uv_size": [1, -1]}
							}
						},
						{
							"origin": [-3.17455, 1.27865, -0.8626],
							"size": [2.27512, 0.5625, 1.21875],
							"pivot": [-2.75574, 1.5599, -0.25323],
							"rotation": [21.08903, 23.95742, 43.52328],
							"uv": {
								"north": {"uv": [38, 51], "uv_size": [2, 1]},
								"east": {"uv": [52, 44], "uv_size": [1, 1]},
								"south": {"uv": [51, 38], "uv_size": [2, 1]},
								"west": {"uv": [52, 45], "uv_size": [1, 1]},
								"up": {"uv": [51, 39], "uv_size": [2, 1]},
								"down": {"uv": [40, 52], "uv_size": [2, -1]}
							}
						},
						{
							"origin": [-4.80886, 1.47954, -4.13144],
							"size": [1.15012, 0.5625, 1.34375],
							"pivot": [-4.2338, 1.76079, -1.58456],
							"rotation": [0, -9.5, 0],
							"uv": {
								"north": {"uv": [52, 46], "uv_size": [1, 1]},
								"east": {"uv": [52, 47], "uv_size": [1, 1]},
								"south": {"uv": [48, 52], "uv_size": [1, 1]},
								"west": {"uv": [52, 48], "uv_size": [1, 1]},
								"up": {"uv": [52, 49], "uv_size": [1, 1]},
								"down": {"uv": [50, 53], "uv_size": [1, -1]}
							}
						},
						{
							"origin": [-5.96262, 1.47954, -3.82241],
							"size": [1.15012, 0.5625, 5.09375],
							"pivot": [-6.28125, 1.66704, -5.97866],
							"rotation": [0, 12.5, 0],
							"uv": {
								"north": {"uv": [52, 50], "uv_size": [1, 1]},
								"east": {"uv": [15, 46], "uv_size": [5, 1]},
								"south": {"uv": [51, 52], "uv_size": [1, 1]},
								"west": {"uv": [46, 43], "uv_size": [5, 1]},
								"up": {"uv": [6, 46], "uv_size": [1, 5]},
								"down": {"uv": [7, 51], "uv_size": [1, -5]}
							}
						},
						{
							"origin": [-3.58893, 1.22353, -3.95336],
							"size": [2.71262, 0.5625, 1.34375],
							"pivot": [-3.01387, 1.50478, -3.28149],
							"rotation": [-4.92602, -8.13312, 31.35043],
							"uv": {
								"north": {"uv": [50, 29], "uv_size": [3, 1]},
								"east": {"uv": [52, 51], "uv_size": [1, 1]},
								"south": {"uv": [50, 30], "uv_size": [3, 1]},
								"west": {"uv": [52, 52], "uv_size": [1, 1]},
								"up": {"uv": [50, 31], "uv_size": [3, 1]},
								"down": {"uv": [50, 33], "uv_size": [3, -1]}
							}
						},
						{
							"origin": [3.65874, 1.47954, -4.13144],
							"size": [1.15012, 0.5625, 1.34375],
							"pivot": [4.2338, 1.76079, -1.58456],
							"rotation": [0, 9.5, 0],
							"uv": {
								"north": {"uv": [0, 53], "uv_size": [1, 1]},
								"east": {"uv": [53, 0], "uv_size": [1, 1]},
								"south": {"uv": [1, 53], "uv_size": [1, 1]},
								"west": {"uv": [53, 1], "uv_size": [1, 1]},
								"up": {"uv": [2, 53], "uv_size": [1, 1]},
								"down": {"uv": [53, 3], "uv_size": [1, -1]}
							}
						},
						{
							"origin": [-0.526, 2.31192, -0.07241],
							"size": [1.23744, 1.23744, 11.5],
							"pivot": [-0.16356, 2.90567, 5.67759],
							"rotation": [0, 0, -45],
							"uv": {
								"north": {"uv": [3, 53], "uv_size": [1, 1]},
								"east": {"uv": [40, 18], "uv_size": [12, 1]},
								"south": {"uv": [53, 3], "uv_size": [1, 1]},
								"west": {"uv": [40, 19], "uv_size": [12, 1]},
								"up": {"uv": [25, 38], "uv_size": [1, 12]},
								"down": {"uv": [26, 50], "uv_size": [1, -12]}
							}
						},
						{
							"origin": [-0.4375, 5.29211, 6.53649],
							"size": [0.875, 0.4375, 1.125],
							"pivot": [0, 0.54211, 4.28649],
							"rotation": [-27.5, 0, 0],
							"uv": {
								"north": {"uv": [4, 53], "uv_size": [1, 1]},
								"east": {"uv": [53, 4], "uv_size": [1, 1]},
								"south": {"uv": [5, 53], "uv_size": [1, 1]},
								"west": {"uv": [53, 5], "uv_size": [1, 1]},
								"up": {"uv": [6, 53], "uv_size": [1, 1]},
								"down": {"uv": [53, 7], "uv_size": [1, -1]}
							}
						},
						{
							"origin": [-1.0625, -0.56597, 11.09598],
							"size": [2.125, 2, 2.5625],
							"inflate": 0.001,
							"pivot": [0, 0.15278, 10.40848],
							"rotation": [25, 0, 0],
							"uv": {
								"north": {"uv": [49, 20], "uv_size": [2, 2]},
								"east": {"uv": [45, 6], "uv_size": [3, 2]},
								"south": {"uv": [49, 37], "uv_size": [2, 2]},
								"west": {"uv": [45, 16], "uv_size": [3, 2]},
								"up": {"uv": [45, 20], "uv_size": [2, 3]},
								"down": {"uv": [34, 48], "uv_size": [2, -3]}
							}
						},
						{
							"origin": [-2.375, 0.4375, -20.75],
							"size": [4.6875, 0.3125, 2.375],
							"inflate": 0.001,
							"uv": {
								"north": {"uv": [44, 46], "uv_size": [5, 1]},
								"east": {"uv": [42, 51], "uv_size": [2, 1]},
								"south": {"uv": [10, 47], "uv_size": [5, 1]},
								"west": {"uv": [51, 43], "uv_size": [2, 1]},
								"up": {"uv": [40, 20], "uv_size": [5, 2]},
								"down": {"uv": [40, 24], "uv_size": [5, -2]}
							}
						},
						{
							"origin": [2.40946, 0.4375, -22.3243],
							"size": [3.31456, 0.3125, 3.31456],
							"pivot": [4.78446, 0, -14.5743],
							"rotation": [0, 45, 0],
							"uv": {
								"north": {"uv": [50, 33], "uv_size": [3, 1]},
								"east": {"uv": [50, 34], "uv_size": [3, 1]},
								"south": {"uv": [50, 35], "uv_size": [3, 1]},
								"west": {"uv": [50, 36], "uv_size": [3, 1]},
								"up": {"uv": [33, 18], "uv_size": [3, 3]},
								"down": {"uv": [10, 42], "uv_size": [3, -3]}
							}
						},
						{
							"origin": [-2.12522, -1.51256, 19.3125],
							"size": [1.5468, 1.5468, 3.25],
							"pivot": [-1.70343, 1.36244, 21.90625],
							"rotation": [0, 0, -45],
							"uv": {
								"north": {"uv": [50, 14], "uv_size": [2, 2]},
								"east": {"uv": [45, 29], "uv_size": [3, 2]},
								"south": {"uv": [50, 23], "uv_size": [2, 2]},
								"west": {"uv": [45, 35], "uv_size": [3, 2]},
								"up": {"uv": [36, 45], "uv_size": [2, 3]},
								"down": {"uv": [45, 40], "uv_size": [2, -3]}
							}
						}
					]
				},
				{
					"name": "octagon",
					"parent": "lod",
					"pivot": [-4.375, 2.34375, -12.75]
				},
				{
					"name": "octagon2",
					"parent": "octagon",
					"pivot": [-4.375, 2.34375, -12.75],
					"cubes": [
						{
							"origin": [3.00736, 1.875, -15.75],
							"size": [2.48528, 0.5, 6],
							"inflate": 0.001,
							"pivot": [4.25, 9.875, -12.75],
							"rotation": [0, -45, 0],
							"uv": {
								"north": {"uv": [4, 43], "uv_size": [2, 1]},
								"east": {"uv": [43, 12], "uv_size": [6, 1]},
								"south": {"uv": [48, 24], "uv_size": [2, 1]},
								"west": {"uv": [43, 13], "uv_size": [6, 1]},
								"up": {"uv": [34, 35], "uv_size": [2, 6]},
								"down": {"uv": [14, 42], "uv_size": [2, -6]}
							}
						},
						{
							"origin": [3.00736, 1.875, -15.75],
							"size": [2.48528, 0.5, 6],
							"uv": {
								"north": {"uv": [25, 50], "uv_size": [2, 1]},
								"east": {"uv": [43, 14], "uv_size": [6, 1]},
								"south": {"uv": [38, 50], "uv_size": [2, 1]},
								"west": {"uv": [43, 15], "uv_size": [6, 1]},
								"up": {"uv": [16, 36], "uv_size": [2, 6]},
								"down": {"uv": [36, 24], "uv_size": [2, -6]}
							}
						},
						{
							"origin": [-6.75, 1.875, -13.99264],
							"size": [6, 0.5, 2.48528],
							"uv": {
								"north": {"uv": [43, 31], "uv_size": [6, 1]},
								"east": {"uv": [40, 50], "uv_size": [2, 1]},
								"south": {"uv": [43, 32], "uv_size": [6, 1]},
								"west": {"uv": [50, 40], "uv_size": [2, 1]},
								"up": {"uv": [35, 27], "uv_size": [6, 2]},
								"down": {"uv": [35, 31], "uv_size": [6, -2]}
							}
						},
						{
							"origin": [-4.99264, 1.875, -15.75],
							"size": [2.48528, 0.5, 6],
							"inflate": 0.001,
							"pivot": [-3.75, 9.875, -12.75],
							"rotation": [0, -45, 0],
							"uv": {
								"north": {"uv": [50, 41], "uv_size": [2, 1]},
								"east": {"uv": [43, 33], "uv_size": [6, 1]},
								"south": {"uv": [42, 50], "uv_size": [2, 1]},
								"west": {"uv": [43, 34], "uv_size": [6, 1]},
								"up": {"uv": [36, 35], "uv_size": [2, 6]},
								"down": {"uv": [4, 43], "uv_size": [2, -6]}
							}
						},
						{
							"origin": [-6.75, 1.875, -13.99264],
							"size": [6, 0.5, 2.48528],
							"inflate": 0.001,
							"pivot": [-3.75, 9.875, -12.75],
							"rotation": [0, -45, 0],
							"uv": {
								"north": {"uv": [40, 43], "uv_size": [6, 1]},
								"east": {"uv": [50, 42], "uv_size": [2, 1]},
								"south": {"uv": [0, 44], "uv_size": [6, 1]},
								"west": {"uv": [50, 44], "uv_size": [2, 1]},
								"up": {"uv": [37, 14], "uv_size": [6, 2]},
								"down": {"uv": [37, 33], "uv_size": [6, -2]}
							}
						},
						{
							"origin": [-4.99264, 1.875, -15.75],
							"size": [2.48528, 0.5, 6],
							"uv": {
								"north": {"uv": [50, 45], "uv_size": [2, 1]},
								"east": {"uv": [44, 0], "uv_size": [6, 1]},
								"south": {"uv": [50, 46], "uv_size": [2, 1]},
								"west": {"uv": [44, 1], "uv_size": [6, 1]},
								"up": {"uv": [6, 37], "uv_size": [2, 6]},
								"down": {"uv": [0, 44], "uv_size": [2, -6]}
							}
						},
						{
							"origin": [1.25, 1.875, -13.99264],
							"size": [6, 0.5, 2.48528],
							"inflate": 0.001,
							"pivot": [4.25, 9.875, -12.75],
							"rotation": [0, -45, 0],
							"uv": {
								"north": {"uv": [44, 2], "uv_size": [6, 1]},
								"east": {"uv": [50, 47], "uv_size": [2, 1]},
								"south": {"uv": [44, 3], "uv_size": [6, 1]},
								"west": {"uv": [50, 48], "uv_size": [2, 1]},
								"up": {"uv": [37, 33], "uv_size": [6, 2]},
								"down": {"uv": [38, 2], "uv_size": [6, -2]}
							}
						},
						{
							"origin": [1.25, 1.875, -13.99264],
							"size": [6, 0.5, 2.48528],
							"uv": {
								"north": {"uv": [44, 8], "uv_size": [6, 1]},
								"east": {"uv": [50, 49], "uv_size": [2, 1]},
								"south": {"uv": [44, 9], "uv_size": [6, 1]},
								"west": {"uv": [50, 50], "uv_size": [2, 1]},
								"up": {"uv": [38, 2], "uv_size": [6, 2]},
								"down": {"uv": [38, 10], "uv_size": [6, -2]}
							}
						}
					]
				}
			]
		}
	]
}