{
	"format_version": "1.12.0",
	"minecraft:geometry": [
		{
			"description": {
				"identifier": "geometry.unknown",
				"texture_width": 64,
				"texture_height": 64,
				"visible_bounds_width": 3,
				"visible_bounds_height": 2.5,
				"visible_bounds_offset": [0, 0.75, 0]
			},
			"bones": [
				{
					"name": "positioning",
					"pivot": [-3.025, -8.95, -11.225]
				},
				{
					"name": "ground",
					"parent": "positioning",
					"pivot": [-8, 2.175, 2.05]
				},
				{
					"name": "fixed",
					"parent": "positioning",
					"pivot": [1.1, 7.425, 2.175],
					"rotation": [0, 90, 0]
				},
				{
					"name": "thirdperson_hand",
					"parent": "positioning",
					"pivot": [-8.00386, 7.225, -1.74245]
				},
				{
					"name": "muzzle_flash",
					"parent": "positioning",
					"pivot": [-0.025, 7.85, -9.475]
				},
				{
					"name": "lod",
					"pivot": [0, 0, 0],
					"cubes": [
						{
							"origin": [-9.0625, 7.75, 7.4375],
							"size": [2.0625, 2, 6.0625],
							"inflate": 0.001,
							"uv": {
								"north": {"uv": [15, 31], "uv_size": [2, 2]},
								"east": {"uv": [15, 16], "uv_size": [6, 2]},
								"south": {"uv": [18, 31], "uv_size": [2, 2]},
								"west": {"uv": [18, 6], "uv_size": [6, 2]},
								"up": {"uv": [18, 9], "uv_size": [2, 6]},
								"down": {"uv": [15, 25], "uv_size": [2, -6]}
							}
						},
						{
							"origin": [-9.125, 8.75, -5.5],
							"size": [2.125, 1, 10.5],
							"inflate": 0.001,
							"uv": {
								"north": {"uv": [23, 37], "uv_size": [2, 1]},
								"east": {"uv": [19, 0], "uv_size": [10.5, 1]},
								"south": {"uv": [37, 23], "uv_size": [2, 1]},
								"west": {"uv": [19, 2], "uv_size": [10.5, 1]},
								"up": {"uv": [0, 8], "uv_size": [2, 10.5]},
								"down": {"uv": [3, 18.5], "uv_size": [2, -10.5]}
							}
						},
						{
							"origin": [-16.42354, 8.75, 1.21123],
							"size": [2.12132, 1, 2.12132],
							"pivot": [-15.42722, 7.9375, 12.71123],
							"rotation": [0, -45, 0],
							"uv": {
								"north": {"uv": [37, 32], "uv_size": [2, 1]},
								"east": {"uv": [36, 37], "uv_size": [2, 1]},
								"south": {"uv": [38, 0], "uv_size": [2, 1]},
								"west": {"uv": [38, 9], "uv_size": [2, 1]},
								"up": {"uv": [31, 20], "uv_size": [2, 2]},
								"down": {"uv": [21, 33], "uv_size": [2, -2]}
							}
						},
						{
							"origin": [-16.42354, 8.75, 2.33623],
							"size": [2.12132, 1, 2.12132],
							"pivot": [-15.42722, 7.9375, 13.83623],
							"rotation": [0, -45, 0],
							"uv": {
								"north": {"uv": [38, 11], "uv_size": [2, 1]},
								"east": {"uv": [38, 13], "uv_size": [2, 1]},
								"south": {"uv": [26, 38], "uv_size": [2, 1]},
								"west": {"uv": [29, 38], "uv_size": [2, 1]},
								"up": {"uv": [31, 23], "uv_size": [2, 2]},
								"down": {"uv": [24, 33], "uv_size": [2, -2]}
							}
						},
						{
							"origin": [-9.5, 8.75, 5.375],
							"size": [3, 1, 1.125],
							"inflate": 0.001,
							"uv": {
								"north": {"uv": [22, 17], "uv_size": [3, 1]},
								"east": {"uv": [28, 4], "uv_size": [1, 1]},
								"south": {"uv": [33, 32], "uv_size": [3, 1]},
								"west": {"uv": [29, 20], "uv_size": [1, 1]},
								"up": {"uv": [0, 34], "uv_size": [3, 1]},
								"down": {"uv": [8, 35], "uv_size": [3, -1]}
							}
						},
						{
							"origin": [-9.0625, 7.75, 0],
							"size": [2.0625, 1, 7.4375],
							"uv": {
								"north": {"uv": [32, 38], "uv_size": [2, 1]},
								"east": {"uv": [19, 4], "uv_size": [7.5, 1]},
								"south": {"uv": [0, 39], "uv_size": [2, 1]},
								"west": {"uv": [21, 12], "uv_size": [7.5, 1]},
								"up": {"uv": [6, 14], "uv_size": [2, 7.5]},
								"down": {"uv": [9, 21.5], "uv_size": [2, -7.5]}
							}
						},
						{
							"origin": [-9.4375, 8.5, 0.5],
							"size": [2.875, 0.9375, 1.5],
							"uv": {
								"north": {"uv": [12, 34], "uv_size": [3, 1]},
								"east": {"uv": [39, 34], "uv_size": [1.5, 1]},
								"south": {"uv": [16, 34], "uv_size": [3, 1]},
								"west": {"uv": [35, 39], "uv_size": [1.5, 1]},
								"up": {"uv": [27, 14], "uv_size": [3, 1.5]},
								"down": {"uv": [27, 23.5], "uv_size": [3, -1.5]}
							}
						},
						{
							"origin": [-9.4375, 10.38978, 0.1535],
							"size": [2.875, 0.73852, 1.50073],
							"inflate": 0.001,
							"uv": {
								"north": {"uv": [39, 36], "uv_size": [3, 0.5]},
								"east": {"uv": [31, 42], "uv_size": [1.5, 0.5]},
								"south": {"uv": [38, 39], "uv_size": [3, 0.5]},
								"west": {"uv": [42, 34], "uv_size": [1.5, 0.5]},
								"up": {"uv": [27, 25], "uv_size": [3, 1.5]},
								"down": {"uv": [0, 29.5], "uv_size": [3, -1.5]}
							}
						},
						{
							"origin": [-8.75, 11.1283, 1.341],
							"size": [1.5, 1, 0.31323],
							"uv": {
								"north": {"uv": [3, 40], "uv_size": [1.5, 1]},
								"east": {"uv": [43, 27], "uv_size": [0.5, 1]},
								"south": {"uv": [40, 5], "uv_size": [1.5, 1]},
								"west": {"uv": [43, 29], "uv_size": [0.5, 1]},
								"up": {"uv": [42, 38], "uv_size": [1.5, 0.5]},
								"down": {"uv": [42, 40.5], "uv_size": [1.5, -0.5]}
							}
						},
						{
							"origin": [-8.75, 11.0658, -6.7215],
							"size": [1.5, 1.125, 0.31323],
							"uv": {
								"north": {"uv": [40, 7], "uv_size": [1.5, 1]},
								"east": {"uv": [43, 31], "uv_size": [0.5, 1]},
								"south": {"uv": [40, 15], "uv_size": [1.5, 1]},
								"west": {"uv": [34, 43], "uv_size": [0.5, 1]},
								"up": {"uv": [42, 42], "uv_size": [1.5, 0.5]},
								"down": {"uv": [43, 0.5], "uv_size": [1.5, -0.5]}
							}
						},
						{
							"origin": [-8.75, 10.31526, -7.48783],
							"size": [1.5, 1.5, 0.31323],
							"pivot": [-8, 9.51424, -8.67533],
							"rotation": [-22.5, 0, 0],
							"uv": {
								"north": {"uv": [35, 0], "uv_size": [1.5, 1.5]},
								"east": {"uv": [43, 5], "uv_size": [0.5, 1.5]},
								"south": {"uv": [35, 12], "uv_size": [1.5, 1.5]},
								"west": {"uv": [6, 43], "uv_size": [0.5, 1.5]},
								"up": {"uv": [43, 8], "uv_size": [1.5, 0.5]},
								"down": {"uv": [43, 10.5], "uv_size": [1.5, -0.5]}
							}
						},
						{
							"origin": [-8.375, 10.3158, -6.5965],
							"size": [0.75, 1.8125, 7.93823],
							"uv": {
								"north": {"uv": [6, 37], "uv_size": [1, 2]},
								"east": {"uv": [6, 8], "uv_size": [8, 2]},
								"south": {"uv": [39, 2], "uv_size": [1, 2]},
								"west": {"uv": [10, 0], "uv_size": [8, 2]},
								"up": {"uv": [18, 22], "uv_size": [1, 8]},
								"down": {"uv": [20, 30], "uv_size": [1, -8]}
							}
						},
						{
							"origin": [-8.75, 10.6283, -6.0965],
							"size": [1.4375, 1, 3.68823],
							"uv": {
								"north": {"uv": [20, 40], "uv_size": [1.5, 1]},
								"east": {"uv": [10, 6], "uv_size": [3.5, 1]},
								"south": {"uv": [40, 20], "uv_size": [1.5, 1]},
								"west": {"uv": [33, 10], "uv_size": [3.5, 1]},
								"up": {"uv": [15, 26], "uv_size": [1.5, 3.5]},
								"down": {"uv": [26, 20.5], "uv_size": [1.5, -3.5]}
							}
						},
						{
							"origin": [-8.5, 11.9408, -5.659],
							"size": [1, 0.3125, 6.75073],
							"uv": {
								"north": {"uv": [36, 43], "uv_size": [1, 0.5]},
								"east": {"uv": [33, 18], "uv_size": [7, 0.5]},
								"south": {"uv": [43, 36], "uv_size": [1, 0.5]},
								"west": {"uv": [33, 30], "uv_size": [7, 0.5]},
								"up": {"uv": [8, 23], "uv_size": [1, 7]},
								"down": {"uv": [10, 30], "uv_size": [1, -7]}
							}
						},
						{
							"origin": [-8.6875, 11.9408, 0.0285],
							"size": [1.375, 0.9375, 1.06323],
							"uv": {
								"north": {"uv": [40, 22], "uv_size": [1.5, 1]},
								"east": {"uv": [31, 15], "uv_size": [1, 1]},
								"south": {"uv": [40, 24], "uv_size": [1.5, 1]},
								"west": {"uv": [41, 26], "uv_size": [1, 1]},
								"up": {"uv": [25, 40], "uv_size": [1.5, 1]},
								"down": {"uv": [28, 41], "uv_size": [1.5, -1]}
							}
						},
						{
							"origin": [-8.5625, 12.8783, 0.0285],
							"size": [1.125, 0.625, 1.06323],
							"uv": {
								"north": {"uv": [38, 43], "uv_size": [1, 0.5]},
								"east": {"uv": [40, 43], "uv_size": [1, 0.5]},
								"south": {"uv": [0, 44], "uv_size": [1, 0.5]},
								"west": {"uv": [2, 44], "uv_size": [1, 0.5]},
								"up": {"uv": [41, 28], "uv_size": [1, 1]},
								"down": {"uv": [41, 31], "uv_size": [1, -1]}
							}
						},
						{
							"origin": [-8.5625, 12.8783, -5.534],
							"size": [1.125, 0.625, 0.56323],
							"uv": {
								"north": {"uv": [4, 44], "uv_size": [1, 0.5]},
								"east": {"uv": [18, 44], "uv_size": [0.5, 0.5]},
								"south": {"uv": [8, 44], "uv_size": [1, 0.5]},
								"west": {"uv": [20, 44], "uv_size": [0.5, 0.5]},
								"up": {"uv": [10, 44], "uv_size": [1, 0.5]},
								"down": {"uv": [12, 44.5], "uv_size": [1, -0.5]}
							}
						},
						{
							"origin": [-8.6875, 11.9408, -5.534],
							"size": [1.375, 0.9375, 0.56323],
							"uv": {
								"north": {"uv": [31, 40], "uv_size": [1.5, 1]},
								"east": {"uv": [14, 44], "uv_size": [0.5, 1]},
								"south": {"uv": [40, 32], "uv_size": [1.5, 1]},
								"west": {"uv": [16, 44], "uv_size": [0.5, 1]},
								"up": {"uv": [43, 12], "uv_size": [1.5, 0.5]},
								"down": {"uv": [43, 14.5], "uv_size": [1.5, -0.5]}
							}
						},
						{
							"origin": [-8.75, 9.98888, -6.99894],
							"size": [1.5, 0.30102, 4.62573],
							"uv": {
								"north": {"uv": [43, 19], "uv_size": [1.5, 0.5]},
								"east": {"uv": [35, 26], "uv_size": [4.5, 0.5]},
								"south": {"uv": [43, 21], "uv_size": [1.5, 0.5]},
								"west": {"uv": [35, 28], "uv_size": [4.5, 0.5]},
								"up": {"uv": [12, 24], "uv_size": [1.5, 4.5]},
								"down": {"uv": [24, 26.5], "uv_size": [1.5, -4.5]}
							}
						},
						{
							"origin": [-8.75, 8.48888, -6.99894],
							"size": [1.5, 1.48852, 1.50073],
							"inflate": 0.001,
							"uv": {
								"north": {"uv": [0, 36], "uv_size": [1.5, 1.5]},
								"east": {"uv": [36, 3], "uv_size": [1.5, 1.5]},
								"south": {"uv": [8, 36], "uv_size": [1.5, 1.5]},
								"west": {"uv": [11, 36], "uv_size": [1.5, 1.5]},
								"up": {"uv": [14, 36], "uv_size": [1.5, 1.5]},
								"down": {"uv": [17, 37.5], "uv_size": [1.5, -1.5]}
							}
						},
						{
							"origin": [-8.75, 8.48888, -7.27168],
							"size": [1.5, 1.31097, 1.77348],
							"uv": {
								"north": {"uv": [36, 34], "uv_size": [1.5, 1.5]},
								"east": {"uv": [20, 34], "uv_size": [2, 1.5]},
								"south": {"uv": [3, 37], "uv_size": [1.5, 1.5]},
								"west": {"uv": [34, 20], "uv_size": [2, 1.5]},
								"up": {"uv": [23, 34], "uv_size": [1.5, 2]},
								"down": {"uv": [34, 25], "uv_size": [1.5, -2]}
							}
						},
						{
							"origin": [-8.75, 7.23888, -6.99894],
							"size": [1.5, 1.30102, 7.06323],
							"uv": {
								"north": {"uv": [37, 6], "uv_size": [1.5, 1.5]},
								"east": {"uv": [18, 19], "uv_size": [7, 1.5]},
								"south": {"uv": [37, 15], "uv_size": [1.5, 1.5]},
								"west": {"uv": [21, 9], "uv_size": [7, 1.5]},
								"up": {"uv": [0, 20], "uv_size": [1.5, 7]},
								"down": {"uv": [3, 27], "uv_size": [1.5, -7]}
							}
						},
						{
							"origin": [-7.125, 7.36388, -7.68644],
							"size": [0.9375, 0.9375, 0.81323],
							"pivot": [-7.25, 9.48888, -3.81144],
							"rotation": [0, 0, 45],
							"uv": {
								"north": {"uv": [34, 41], "uv_size": [1, 1]},
								"east": {"uv": [36, 41], "uv_size": [1, 1]},
								"south": {"uv": [38, 41], "uv_size": [1, 1]},
								"west": {"uv": [40, 41], "uv_size": [1, 1]},
								"up": {"uv": [2, 42], "uv_size": [1, 1]},
								"down": {"uv": [4, 43], "uv_size": [1, -1]}
							}
						},
						{
							"origin": [-8.9375, 10.82728, -0.409],
							"size": [1.875, 0.30102, 2.00073],
							"uv": {
								"north": {"uv": [8, 42], "uv_size": [2, 0.5]},
								"east": {"uv": [18, 42], "uv_size": [2, 0.5]},
								"south": {"uv": [21, 42], "uv_size": [2, 0.5]},
								"west": {"uv": [24, 42], "uv_size": [2, 0.5]},
								"up": {"uv": [27, 31], "uv_size": [2, 2]},
								"down": {"uv": [30, 33], "uv_size": [2, -2]}
							}
						},
						{
							"origin": [-8.75, 10.37117, -2.07629],
							"size": [1.5, 0.30102, 2.25073],
							"pivot": [-8, 9.43367, -1.26379],
							"rotation": [22.5, 0, 0],
							"uv": {
								"north": {"uv": [43, 23], "uv_size": [1.5, 0.5]},
								"east": {"uv": [41, 3], "uv_size": [2.5, 0.5]},
								"south": {"uv": [43, 25], "uv_size": [1.5, 0.5]},
								"west": {"uv": [41, 17], "uv_size": [2.5, 0.5]},
								"up": {"uv": [32, 26], "uv_size": [1.5, 2.5]},
								"down": {"uv": [33, 5.5], "uv_size": [1.5, -2.5]}
							}
						},
						{
							"origin": [-9.4375, 9.03207, 0.70378],
							"size": [2.875, 1.4375, 1.5],
							"inflate": 0.001,
							"pivot": [-8, 8.53207, 0.70378],
							"rotation": [16.5, 0, 0],
							"uv": {
								"north": {"uv": [24, 28], "uv_size": [3, 1.5]},
								"east": {"uv": [20, 37], "uv_size": [1.5, 1.5]},
								"south": {"uv": [28, 28], "uv_size": [3, 1.5]},
								"west": {"uv": [37, 20], "uv_size": [1.5, 1.5]},
								"up": {"uv": [29, 9], "uv_size": [3, 1.5]},
								"down": {"uv": [29, 18.5], "uv_size": [3, -1.5]}
							}
						},
						{
							"origin": [-8.75, 5, 4.5],
							"size": [1.5, 2.75, 9],
							"uv": {
								"north": {"uv": [30, 4], "uv_size": [1.5, 3]},
								"east": {"uv": [0, 0], "uv_size": [9, 3]},
								"south": {"uv": [12, 30], "uv_size": [1.5, 3]},
								"west": {"uv": [0, 4], "uv_size": [9, 3]},
								"up": {"uv": [12, 14], "uv_size": [1.5, 9]},
								"down": {"uv": [15, 15], "uv_size": [1.5, -9]}
							}
						},
						{
							"origin": [-8.5, 4.25, -3.375],
							"size": [1, 1.25, 2.75],
							"uv": {
								"north": {"uv": [6, 40], "uv_size": [1, 1.5]},
								"east": {"uv": [0, 31], "uv_size": [3, 1.5]},
								"south": {"uv": [0, 41], "uv_size": [1, 1.5]},
								"west": {"uv": [31, 0], "uv_size": [3, 1.5]},
								"up": {"uv": [4, 33], "uv_size": [1, 3]},
								"down": {"uv": [26, 37], "uv_size": [1, -3]}
							}
						},
						{
							"origin": [-8.5, 3.7476, -4],
							"size": [1, 1.25, 2.5],
							"pivot": [-8, 7.4976, -1.5],
							"rotation": [-30, 0, 0],
							"uv": {
								"north": {"uv": [41, 0], "uv_size": [1, 1.5]},
								"east": {"uv": [33, 7], "uv_size": [2.5, 1.5]},
								"south": {"uv": [41, 9], "uv_size": [1, 1.5]},
								"west": {"uv": [33, 15], "uv_size": [2.5, 1.5]},
								"up": {"uv": [32, 34], "uv_size": [1, 2.5]},
								"down": {"uv": [34, 36.5], "uv_size": [1, -2.5]}
							}
						},
						{
							"origin": [-8.5, 5.5, -7.25],
							"size": [1, 1.75, 7.875],
							"uv": {
								"north": {"uv": [8, 39], "uv_size": [1, 2]},
								"east": {"uv": [10, 3], "uv_size": [8, 2]},
								"south": {"uv": [10, 39], "uv_size": [1, 2]},
								"west": {"uv": [6, 11], "uv_size": [8, 2]},
								"up": {"uv": [22, 22], "uv_size": [1, 8]},
								"down": {"uv": [6, 31], "uv_size": [1, -8]}
							}
						},
						{
							"origin": [-8.5, 5, 2.5625],
							"size": [1, 1.25, 3.8125],
							"pivot": [-8, 8, 5.625],
							"rotation": [22.5, 0, 0],
							"uv": {
								"north": {"uv": [12, 41], "uv_size": [1, 1.5]},
								"east": {"uv": [22, 14], "uv_size": [4, 1.5]},
								"south": {"uv": [41, 12], "uv_size": [1, 1.5]},
								"west": {"uv": [25, 6], "uv_size": [4, 1.5]},
								"up": {"uv": [4, 28], "uv_size": [1, 4]},
								"down": {"uv": [6, 36], "uv_size": [1, -4]}
							}
						},
						{
							"origin": [-8.5, 4.11504, 0.27381],
							"size": [1, 1.25, 3.125],
							"inflate": 0.001,
							"pivot": [-8, 7.11504, 2.64881],
							"rotation": [-22.5, 0, 0],
							"uv": {
								"north": {"uv": [14, 41], "uv_size": [1, 1.5]},
								"east": {"uv": [8, 31], "uv_size": [3, 1.5]},
								"south": {"uv": [16, 41], "uv_size": [1, 1.5]},
								"west": {"uv": [31, 12], "uv_size": [3, 1.5]},
								"up": {"uv": [28, 34], "uv_size": [1, 3]},
								"down": {"uv": [30, 37], "uv_size": [1, -3]}
							}
						},
						{
							"origin": [-8.5, 4.05639, 2.19367],
							"size": [1, 1.25, 1.75],
							"inflate": 0.001,
							"uv": {
								"north": {"uv": [27, 42], "uv_size": [1, 1]},
								"east": {"uv": [12, 39], "uv_size": [2, 1]},
								"south": {"uv": [29, 42], "uv_size": [1, 1]},
								"west": {"uv": [15, 39], "uv_size": [2, 1]},
								"up": {"uv": [18, 39], "uv_size": [1, 2]},
								"down": {"uv": [23, 41], "uv_size": [1, -2]}
							}
						}
					]
				}
			]
		}
	]
}