{
  "type": "minecraft:gift",
  "pools": [
    {
      "rolls": 1.0,
      "bonus_rolls": 0.0,
      "entries": [
        {
          "type": "minecraft:item",
          "name": "minecraft:cooked_rabbit"
        },
        {
          "type": "minecraft:item",
          "name": "minecraft:cooked_chicken"
        },
        {
          "type": "minecraft:item",
          "name": "minecraft:cooked_porkchop"
        },
        {
          "type": "minecraft:item",
          "name": "minecraft:cooked_beef"
        },
        {
          "type": "minecraft:item",
          "name": "minecraft:cooked_mutton"
        }
      ]
    }
  ]
}