{
  "type": "minecraft:chest",
  "pools": [
    {
      "rolls": 1.0,
      "bonus_rolls": 0.0,
      "entries": [
        {
          "type": "minecraft:item",
          "functions": [
            {
              "function": "minecraft:exploration_map",
              "decoration": "red_x",
              "zoom": 1,
              "skip_existing_chunks": false
            },
            {
              "function": "minecraft:set_name",
              "name": {
                "translate": "filled_map.buried_treasure"
              }
            }
          ],
          "name": "minecraft:map"
        }
      ]
    },
    {
      "rolls": 3.0,
      "bonus_rolls": 0.0,
      "entries": [
        {
          "type": "minecraft:item",
          "name": "minecraft:compass"
        },
        {
          "type": "minecraft:item",
          "name": "minecraft:map"
        },
        {
          "type": "minecraft:item",
          "name": "minecraft:clock"
        },
        {
          "type": "minecraft:item",
          "weight": 20,
          "functions": [
            {
              "function": "minecraft:set_count",
              "count": {
                "type": "minecraft:uniform",
                "min": 1.0,
                "max": 10.0
              },
              "add": false
            }
          ],
          "name": "minecraft:paper"
        },
        {
          "type": "minecraft:item",
          "weight": 10,
          "functions": [
            {
              "function": "minecraft:set_count",
              "count": {
                "type": "minecraft:uniform",
                "min": 1.0,
                "max": 5.0
              },
              "add": false
            }
          ],
          "name": "minecraft:feather"
        },
        {
          "type": "minecraft:item",
          "weight": 5,
          "functions": [
            {
              "function": "minecraft:set_count",
              "count": {
                "type": "minecraft:uniform",
                "min": 1.0,
                "max": 5.0
              },
              "add": false
            }
          ],
          "name": "minecraft:book"
        }
      ]
    }
  ]
}