{
  "type": "minecraft:block",
  "pools": [
    {
      "rolls": 1,
      "bonus_rolls": 0.0,
      "entries": [
        {
          "type": "minecraft:item",
          "name": "minecraft:diamond_block",
          "functions": [
            {
              "function": "minecraft:set_count",
              "count": {
                "min": 32,
                "max": 64
              }
            }
          ]
        },
        {
          "type": "minecraft:item",
          "name": "minecraft:iron_block",
          "functions": [
            {
              "function": "minecraft:set_count",
              "count": {
                "min": 32,
                "max": 64
              }
            }
          ]
        },
        {
          "type": "minecraft:item",
          "name": "minecraft:amethyst_block",
          "functions": [
            {
              "function": "minecraft:set_count",
              "count": {
                "min": 32,
                "max": 64
              }
            }
          ]
        },
        {
          "type": "minecraft:item",
          "name": "minecraft:netherite_block",
          "functions": [
            {
              "function": "minecraft:set_count",
              "count": {
                "min": 32,
                "max": 64
              }
            }
          ]
        },
        {
          "type": "minecraft:item",
          "name": "minecraft:emerald_block",
          "functions": [
            {
              "function": "minecraft:set_count",
              "count": {
                "min": 32,
                "max": 64
              }
            }
          ]
        },
        {
          "type": "minecraft:item",
          "name": "minecraft:obsidian",
          "functions": [
            {
              "function": "minecraft:set_count",
              "count": {
                "min": 32,
                "max": 64
              }
            }
          ]
        },
        {
          "type": "minecraft:item",
          "name": "minecraft:shulker_shell"
        },
        {
          "type": "minecraft:item",
          "name": "minecraft:enchanted_golden_apple",
          "functions": [
            {
              "function": "minecraft:set_count",
              "count": {
                "min": 16,
                "max": 32
              }
            }
          ]
        },
        {
          "type": "minecraft:item",
          "name": "minecraft:ender_pearl",
          "functions": [
            {
              "function": "minecraft:set_count",
              "count": {
                "min": 1,
                "max": 16
              }
            }
          ]
        },
        {
          "type": "minecraft:item",
          "name": "minecraft:ender_eye",
          "functions": [
            {
              "function": "minecraft:set_count",
              "count": {
                "min": 1,
                "max": 16
              }
            }
          ]
        },
        {
          "type": "minecraft:item",
          "name": "minecraft:experience_bottle",
          "functions": [
            {
              "function": "minecraft:set_count",
              "count": {
                "min": 32,
                "max": 64
              }
            }
          ]
        },
        {
          "type": "minecraft:item",
          "name": "minecraft:totem_of_undying"
        },
        {
          "type": "minecraft:item",
          "name": "minecraft:netherite_sword",
          "functions": [
            {
              "function": "minecraft:enchant_with_levels",
              "levels": {
                "type": "minecraft:uniform",
                "min": 20,
                "max": 39
              },
              "treasure": true
            }
          ]
        },
        {
          "type": "minecraft:item",
          "name": "minecraft:netherite_pickaxe",
          "functions": [
            {
              "function": "minecraft:enchant_with_levels",
              "levels": {
                "type": "minecraft:uniform",
                "min": 20,
                "max": 39
              },
              "treasure": true
            }
          ]
        },
        {
          "type": "minecraft:item",
          "name": "minecraft:netherite_shovel",
          "functions": [
            {
              "function": "minecraft:enchant_with_levels",
              "levels": {
                "type": "minecraft:uniform",
                "min": 20,
                "max": 39
              },
              "treasure": true
            }
          ]
        },
        {
          "type": "minecraft:item",
          "name": "minecraft:netherite_axe",
          "functions": [
            {
              "function": "minecraft:enchant_with_levels",
              "levels": {
                "type": "minecraft:uniform",
                "min": 20,
                "max": 39
              },
              "treasure": true
            }
          ]
        },
        {
          "type": "minecraft:item",
          "name": "minecraft:netherite_hoe",
          "functions": [
            {
              "function": "minecraft:enchant_with_levels",
              "levels": {
                "type": "minecraft:uniform",
                "min": 20,
                "max": 39
              },
              "treasure": true
            }
          ]
        },
        {
          "type": "minecraft:item",
          "name": "minecraft:netherite_chestplate",
          "functions": [
            {
              "function": "minecraft:enchant_with_levels",
              "levels": {
                "type": "minecraft:uniform",
                "min": 20,
                "max": 39
              },
              "treasure": true
            }
          ]
        },
        {
          "type": "minecraft:item",
          "name": "minecraft:netherite_helmet",
          "functions": [
            {
              "function": "minecraft:enchant_with_levels",
              "levels": {
                "type": "minecraft:uniform",
                "min": 20,
                "max": 39
              },
              "treasure": true
            }
          ]
        },
        {
          "type": "minecraft:item",
          "name": "minecraft:netherite_leggings",
          "functions": [
            {
              "function": "minecraft:enchant_with_levels",
              "levels": {
                "type": "minecraft:uniform",
                "min": 20,
                "max": 39
              },
              "treasure": true
            }
          ]
        },
        {
          "type": "minecraft:item",
          "name": "minecraft:netherite_boots",
          "functions": [
            {
              "function": "minecraft:enchant_with_levels",
              "levels": {
                "type": "minecraft:uniform",
                "min": 20,
                "max": 39
              },
              "treasure": true
            }
          ]
        },
        {
          "type": "minecraft:item",
          "name": "minecraft:diamond_sword",
          "functions": [
            {
              "function": "minecraft:enchant_with_levels",
              "levels": {
                "type": "minecraft:uniform",
                "min": 20,
                "max": 39
              },
              "treasure": true
            }
          ]
        },
        {
          "type": "minecraft:item",
          "name": "minecraft:diamond_pickaxe",
          "functions": [
            {
              "function": "minecraft:enchant_with_levels",
              "levels": {
                "type": "minecraft:uniform",
                "min": 20,
                "max": 39
              },
              "treasure": true
            }
          ]
        },
        {
          "type": "minecraft:item",
          "name": "minecraft:diamond_shovel",
          "functions": [
            {
              "function": "minecraft:enchant_with_levels",
              "levels": {
                "type": "minecraft:uniform",
                "min": 20,
                "max": 39
              },
              "treasure": true
            }
          ]
        },
        {
          "type": "minecraft:item",
          "name": "minecraft:diamond_axe",
          "functions": [
            {
              "function": "minecraft:enchant_with_levels",
              "levels": {
                "type": "minecraft:uniform",
                "min": 20,
                "max": 39
              },
              "treasure": true
            }
          ]
        },
        {
          "type": "minecraft:item",
          "name": "minecraft:diamond_hoe",
          "functions": [
            {
              "function": "minecraft:enchant_with_levels",
              "levels": {
                "type": "minecraft:uniform",
                "min": 20,
                "max": 39
              },
              "treasure": true
            }
          ]
        },
        {
          "type": "minecraft:item",
          "name": "minecraft:diamond_chestplate",
          "functions": [
            {
              "function": "minecraft:enchant_with_levels",
              "levels": {
                "type": "minecraft:uniform",
                "min": 20,
                "max": 39
              },
              "treasure": true
            }
          ]
        },
        {
          "type": "minecraft:item",
          "name": "minecraft:diamond_helmet",
          "functions": [
            {
              "function": "minecraft:enchant_with_levels",
              "levels": {
                "type": "minecraft:uniform",
                "min": 20,
                "max": 39
              },
              "treasure": true
            }
          ]
        },
        {
          "type": "minecraft:item",
          "name": "minecraft:diamond_leggings",
          "functions": [
            {
              "function": "minecraft:enchant_with_levels",
              "levels": {
                "type": "minecraft:uniform",
                "min": 20,
                "max": 39
              },
              "treasure": true
            }
          ]
        },
        {
          "type": "minecraft:item",
          "name": "minecraft:diamond_boots",
          "functions": [
            {
              "function": "minecraft:enchant_with_levels",
              "levels": {
                "type": "minecraft:uniform",
                "min": 20,
                "max": 39
              },
              "treasure": true
            }
          ]
        },
        {
          "type": "minecraft:item",
          "name": "minecraft:iron_sword",
          "functions": [
            {
              "function": "minecraft:enchant_with_levels",
              "levels": {
                "type": "minecraft:uniform",
                "min": 20,
                "max": 39
              },
              "treasure": true
            }
          ]
        },
        {
          "type": "minecraft:item",
          "name": "minecraft:iron_pickaxe",
          "functions": [
            {
              "function": "minecraft:enchant_with_levels",
              "levels": {
                "type": "minecraft:uniform",
                "min": 20,
                "max": 39
              },
              "treasure": true
            }
          ]
        },
        {
          "type": "minecraft:item",
          "name": "minecraft:iron_shovel",
          "functions": [
            {
              "function": "minecraft:enchant_with_levels",
              "levels": {
                "type": "minecraft:uniform",
                "min": 20,
                "max": 39
              },
              "treasure": true
            }
          ]
        },
        {
          "type": "minecraft:item",
          "name": "minecraft:iron_axe",
          "functions": [
            {
              "function": "minecraft:enchant_with_levels",
              "levels": {
                "type": "minecraft:uniform",
                "min": 20,
                "max": 39
              },
              "treasure": true
            }
          ]
        },
        {
          "type": "minecraft:item",
          "name": "minecraft:iron_hoe",
          "functions": [
            {
              "function": "minecraft:enchant_with_levels",
              "levels": {
                "type": "minecraft:uniform",
                "min": 20,
                "max": 39
              },
              "treasure": true
            }
          ]
        },
        {
          "type": "minecraft:item",
          "name": "minecraft:iron_chestplate",
          "functions": [
            {
              "function": "minecraft:enchant_with_levels",
              "levels": {
                "type": "minecraft:uniform",
                "min": 20,
                "max": 39
              },
              "treasure": true
            }
          ]
        },
        {
          "type": "minecraft:item",
          "name": "minecraft:iron_helmet",
          "functions": [
            {
              "function": "minecraft:enchant_with_levels",
              "levels": {
                "type": "minecraft:uniform",
                "min": 20,
                "max": 39
              },
              "treasure": true
            }
          ]
        },
        {
          "type": "minecraft:item",
          "name": "minecraft:iron_leggings",
          "functions": [
            {
              "function": "minecraft:enchant_with_levels",
              "levels": {
                "type": "minecraft:uniform",
                "min": 20,
                "max": 39
              },
              "treasure": true
            }
          ]
        },
        {
          "type": "minecraft:item",
          "name": "minecraft:iron_boots",
          "functions": [
            {
              "function": "minecraft:enchant_with_levels",
              "levels": {
                "type": "minecraft:uniform",
                "min": 20,
                "max": 39
              },
              "treasure": true
            }
          ]
        },
        {
          "type": "minecraft:item",
          "name": "minecraft:golden_sword",
          "functions": [
            {
              "function": "minecraft:enchant_with_levels",
              "levels": {
                "type": "minecraft:uniform",
                "min": 20,
                "max": 39
              },
              "treasure": true
            }
          ]
        },
        {
          "type": "minecraft:item",
          "name": "minecraft:golden_pickaxe",
          "functions": [
            {
              "function": "minecraft:enchant_with_levels",
              "levels": {
                "type": "minecraft:uniform",
                "min": 20,
                "max": 39
              },
              "treasure": true
            }
          ]
        },
        {
          "type": "minecraft:item",
          "name": "minecraft:golden_shovel",
          "functions": [
            {
              "function": "minecraft:enchant_with_levels",
              "levels": {
                "type": "minecraft:uniform",
                "min": 20,
                "max": 39
              },
              "treasure": true
            }
          ]
        },
        {
          "type": "minecraft:item",
          "name": "minecraft:golden_axe",
          "functions": [
            {
              "function": "minecraft:enchant_with_levels",
              "levels": {
                "type": "minecraft:uniform",
                "min": 20,
                "max": 39
              },
              "treasure": true
            }
          ]
        },
        {
          "type": "minecraft:item",
          "name": "minecraft:golden_hoe",
          "functions": [
            {
              "function": "minecraft:enchant_with_levels",
              "levels": {
                "type": "minecraft:uniform",
                "min": 20,
                "max": 39
              },
              "treasure": true
            }
          ]
        },
        {
          "type": "minecraft:item",
          "name": "minecraft:golden_chestplate",
          "functions": [
            {
              "function": "minecraft:enchant_with_levels",
              "levels": {
                "type": "minecraft:uniform",
                "min": 20,
                "max": 39
              },
              "treasure": true
            }
          ]
        },
        {
          "type": "minecraft:item",
          "name": "minecraft:golden_helmet",
          "functions": [
            {
              "function": "minecraft:enchant_with_levels",
              "levels": {
                "type": "minecraft:uniform",
                "min": 20,
                "max": 39
              },
              "treasure": true
            }
          ]
        },
        {
          "type": "minecraft:item",
          "name": "minecraft:golden_leggings",
          "functions": [
            {
              "function": "minecraft:enchant_with_levels",
              "levels": {
                "type": "minecraft:uniform",
                "min": 20,
                "max": 39
              },
              "treasure": true
            }
          ]
        },
        {
          "type": "minecraft:item",
          "name": "minecraft:golden_boots",
          "functions": [
            {
              "function": "minecraft:enchant_with_levels",
              "levels": {
                "type": "minecraft:uniform",
                "min": 20,
                "max": 39
              },
              "treasure": true
            }
          ]
        },
        {
          "type": "minecraft:item",
          "name": "minecraft:chainmail_chestplate",
          "functions": [
            {
              "function": "minecraft:enchant_with_levels",
              "levels": {
                "type": "minecraft:uniform",
                "min": 20,
                "max": 39
              },
              "treasure": true
            }
          ]
        },
        {
          "type": "minecraft:item",
          "name": "minecraft:chainmail_helmet",
          "functions": [
            {
              "function": "minecraft:enchant_with_levels",
              "levels": {
                "type": "minecraft:uniform",
                "min": 20,
                "max": 39
              },
              "treasure": true
            }
          ]
        },
        {
          "type": "minecraft:item",
          "name": "minecraft:chainmail_leggings",
          "functions": [
            {
              "function": "minecraft:enchant_with_levels",
              "levels": {
                "type": "minecraft:uniform",
                "min": 20,
                "max": 39
              },
              "treasure": true
            }
          ]
        },
        {
          "type": "minecraft:item",
          "name": "minecraft:chainmail_boots",
          "functions": [
            {
              "function": "minecraft:enchant_with_levels",
              "levels": {
                "type": "minecraft:uniform",
                "min": 20,
                "max": 39
              },
              "treasure": true
            }
          ]
        },
        {
          "type": "minecraft:item",
          "name": "minecraft:leather_chestplate",
          "functions": [
            {
              "function": "minecraft:enchant_with_levels",
              "levels": {
                "type": "minecraft:uniform",
                "min": 20,
                "max": 39
              },
              "treasure": true
            }
          ]
        },
        {
          "type": "minecraft:item",
          "name": "minecraft:leather_helmet",
          "functions": [
            {
              "function": "minecraft:enchant_with_levels",
              "levels": {
                "type": "minecraft:uniform",
                "min": 20,
                "max": 39
              },
              "treasure": true
            }
          ]
        },
        {
          "type": "minecraft:item",
          "name": "minecraft:leather_leggings",
          "functions": [
            {
              "function": "minecraft:enchant_with_levels",
              "levels": {
                "type": "minecraft:uniform",
                "min": 20,
                "max": 39
              },
              "treasure": true
            }
          ]
        },
        {
          "type": "minecraft:item",
          "name": "minecraft:leather_boots",
          "functions": [
            {
              "function": "minecraft:enchant_with_levels",
              "levels": {
                "type": "minecraft:uniform",
                "min": 20,
                "max": 39
              },
              "treasure": true
            }
          ]
        },
        {
          "type": "minecraft:item",
          "name": "minecraft:elytra",
          "functions": [
            {
              "function": "minecraft:enchant_with_levels",
              "levels": {
                "type": "minecraft:uniform",
                "min": 1,
                "max": 10
              },
              "treasure": true
            }
          ]
        },
        {
          "type": "minecraft:item",
          "name": "minecraft:bow",
          "functions": [
            {
              "function": "minecraft:enchant_with_levels",
              "levels": {
                "type": "minecraft:uniform",
                "min": 20,
                "max": 39
              },
              "treasure": true
            }
          ]
        },
        {
          "type": "minecraft:item",
          "name": "minecraft:crossbow",
          "functions": [
            {
              "function": "minecraft:enchant_with_levels",
              "levels": {
                "type": "minecraft:uniform",
                "min": 20,
                "max": 39
              },
              "treasure": true
            }
          ]
        },
        {
          "type": "minecraft:item",
          "name": "minecraft:trident",
          "functions": [
            {
              "function": "minecraft:enchant_with_levels",
              "levels": {
                "type": "minecraft:uniform",
                "min": 20,
                "max": 39
              },
              "treasure": true
            }
          ]
        },
        {
          "type": "minecraft:item",
          "name": "minecraft:stone_sword",
          "functions": [
            {
              "function": "minecraft:enchant_with_levels",
              "levels": {
                "type": "minecraft:uniform",
                "min": 20,
                "max": 39
              },
              "treasure": true
            }
          ]
        },
        {
          "type": "minecraft:item",
          "name": "minecraft:stone_pickaxe",
          "functions": [
            {
              "function": "minecraft:enchant_with_levels",
              "levels": {
                "type": "minecraft:uniform",
                "min": 20,
                "max": 39
              },
              "treasure": true
            }
          ]
        },
        {
          "type": "minecraft:item",
          "name": "minecraft:stone_shovel",
          "functions": [
            {
              "function": "minecraft:enchant_with_levels",
              "levels": {
                "type": "minecraft:uniform",
                "min": 20,
                "max": 39
              },
              "treasure": true
            }
          ]
        },
        {
          "type": "minecraft:item",
          "name": "minecraft:stone_axe",
          "functions": [
            {
              "function": "minecraft:enchant_with_levels",
              "levels": {
                "type": "minecraft:uniform",
                "min": 20,
                "max": 39
              },
              "treasure": true
            }
          ]
        },
        {
          "type": "minecraft:item",
          "name": "minecraft:stone_hoe",
          "functions": [
            {
              "function": "minecraft:enchant_with_levels",
              "levels": {
                "type": "minecraft:uniform",
                "min": 20,
                "max": 39
              },
              "treasure": true
            }
          ]
        },
        {
          "type": "minecraft:item",
          "name": "minecraft:wooden_sword",
          "functions": [
            {
              "function": "minecraft:enchant_with_levels",
              "levels": {
                "type": "minecraft:uniform",
                "min": 20,
                "max": 39
              },
              "treasure": true
            }
          ]
        },
        {
          "type": "minecraft:item",
          "name": "minecraft:wooden_pickaxe",
          "functions": [
            {
              "function": "minecraft:enchant_with_levels",
              "levels": {
                "type": "minecraft:uniform",
                "min": 20,
                "max": 39
              },
              "treasure": true
            }
          ]
        },
        {
          "type": "minecraft:item",
          "name": "minecraft:wooden_shovel",
          "functions": [
            {
              "function": "minecraft:enchant_with_levels",
              "levels": {
                "type": "minecraft:uniform",
                "min": 20,
                "max": 39
              },
              "treasure": true
            }
          ]
        },
        {
          "type": "minecraft:item",
          "name": "minecraft:wooden_axe",
          "functions": [
            {
              "function": "minecraft:enchant_with_levels",
              "levels": {
                "type": "minecraft:uniform",
                "min": 20,
                "max": 39
              },
              "treasure": true
            }
          ]
        },
        {
          "type": "minecraft:item",
          "name": "minecraft:wooden_hoe",
          "functions": [
            {
              "function": "minecraft:enchant_with_levels",
              "levels": {
                "type": "minecraft:uniform",
                "min": 20,
                "max": 39
              },
              "treasure": true
            }
          ]
        },
        {
          "type": "minecraft:item",
          "name": "minecraft:turtle_helmet",
          "functions": [
            {
              "function": "minecraft:enchant_with_levels",
              "levels": {
                "type": "minecraft:uniform",
                "min": 20,
                "max": 39
              },
              "treasure": true
            }
          ]
        },
        {
          "type": "minecraft:item",
          "name": "minecraft:shield",
          "functions": [
            {
              "function": "minecraft:enchant_with_levels",
              "levels": {
                "type": "minecraft:uniform",
                "min": 1,
                "max": 10
              },
              "treasure": true
            }
          ]
        },
        {
          "type": "minecraft:item",
          "name": "minecraft:book",
          "functions": [
            {
              "function": "minecraft:enchant_randomly"
            }
          ]
        },
        {
          "type": "minecraft:item",
          "name": "minecraft:sentry_armor_trim_smithing_template"
        },
        {
          "type": "minecraft:item",
          "name": "minecraft:vex_armor_trim_smithing_template"
        },
        {
          "type": "minecraft:item",
          "name": "minecraft:wild_armor_trim_smithing_template"
        },
        {
          "type": "minecraft:item",
          "name": "minecraft:coast_armor_trim_smithing_template"
        },
        {
          "type": "minecraft:item",
          "name": "minecraft:dune_armor_trim_smithing_template"
        },
        {
          "type": "minecraft:item",
          "name": "minecraft:wayfinder_armor_trim_smithing_template"
        },
        {
          "type": "minecraft:item",
          "name": "minecraft:raiser_armor_trim_smithing_template"
        },
        {
          "type": "minecraft:item",
          "name": "minecraft:shaper_armor_trim_smithing_template"
        },
        {
          "type": "minecraft:item",
          "name": "minecraft:host_armor_trim_smithing_template"
        },
        {
          "type": "minecraft:item",
          "name": "minecraft:ward_armor_trim_smithing_template"
        },
        {
          "type": "minecraft:item",
          "name": "minecraft:silence_armor_trim_smithing_template"
        },
        {
          "type": "minecraft:item",
          "name": "minecraft:tide_armor_trim_smithing_template"
        },
        {
          "type": "minecraft:item",
          "name": "minecraft:snout_armor_trim_smithing_template"
        },
        {
          "type": "minecraft:item",
          "name": "minecraft:rib_armor_trim_smithing_template"
        },
        {
          "type": "minecraft:item",
          "name": "minecraft:eye_armor_trim_smithing_template"
        },
        {
          "type": "minecraft:item",
          "name": "minecraft:spire_armor_trim_smithing_template"
        },
        {
          "type": "minecraft:item",
          "name": "minecraft:netherite_upgrade_smithing_template"
        },
        {
          "type": "minecraft:item",
          "name": "minecraft:angler_pottery_sherd"
        },
        {
          "type": "minecraft:item",
          "name": "minecraft:archer_pottery_sherd"
        },
        {
          "type": "minecraft:item",
          "name": "minecraft:arms_up_pottery_sherd"
        },
        {
          "type": "minecraft:item",
          "name": "minecraft:blade_pottery_sherd"
        },
        {
          "type": "minecraft:item",
          "name": "minecraft:brewer_pottery_sherd"
        },
        {
          "type": "minecraft:item",
          "name": "minecraft:burn_pottery_sherd"
        },
        {
          "type": "minecraft:item",
          "name": "minecraft:danger_pottery_sherd"
        },
        {
          "type": "minecraft:item",
          "name": "minecraft:explorer_pottery_sherd"
        },
        {
          "type": "minecraft:item",
          "name": "minecraft:friend_pottery_sherd"
        },
        {
          "type": "minecraft:item",
          "name": "minecraft:heart_pottery_sherd"
        },
        {
          "type": "minecraft:item",
          "name": "minecraft:heartbreak_pottery_sherd"
        },
        {
          "type": "minecraft:item",
          "name": "minecraft:howl_pottery_sherd"
        },
        {
          "type": "minecraft:item",
          "name": "minecraft:miner_pottery_sherd"
        },
        {
          "type": "minecraft:item",
          "name": "minecraft:mourner_pottery_sherd"
        },
        {
          "type": "minecraft:item",
          "name": "minecraft:plenty_pottery_sherd"
        },
        {
          "type": "minecraft:item",
          "name": "minecraft:prize_pottery_sherd"
        },
        {
          "type": "minecraft:item",
          "name": "minecraft:sheaf_pottery_sherd"
        },
        {
          "type": "minecraft:item",
          "name": "minecraft:shelter_pottery_sherd"
        },
        {
          "type": "minecraft:item",
          "name": "minecraft:skull_pottery_sherd"
        },
        {
          "type": "minecraft:item",
          "name": "minecraft:snort_pottery_sherd"
        }
      ]
    }
  ]
}