{
  
  "ammo": "tacz:9mm",

  "ammo_amount": 13,
  "bolt": "open_bolt",
  "rpm": 300,
  "bullet": {
    // 寿命，单位秒
    "life": 0.75,
    // 用于霰弹，默认为 1，每发的伤害 / bullet_amount，每次射击扣除一发子弹
    "bullet_amount": 1,
    // 伤害
    "damage": 7,
    // 曳光弹间隔数量，没有此字段则不发射曳光弹
    // 设置为 0 则是每发都是曳光弹
    "tracer_count_interval": 0,
    // 额外伤害的内容，为空则表示没有任何额外伤害计算内容
    "extra_damage": {
      // 护甲穿透率，默认为 0，也就是没有穿甲伤害
      "armor_ignore": 0.15,
      // 爆头伤害 x1.5
      "head_shot_multiplier": 2.25,
      // 距离-伤害分段常函数
      "damage_adjust": [
        {"distance": 3, "damage": 7.5},
        {"distance": 15, "damage": 7},
        {"distance": 30, "damage": 5.5},
        {"distance": "infinite", "damage": 4}
      ]
    },
    // 速度 m/s
    "speed": 210,
    // 重力
    "gravity": 0.0245,
    // 击退效果
    "knockback": 0,
    // 阻力
    "friction": 0.01,
    // 点燃目标
    "ignite": false,
    // 穿透数
    "pierce": 1
    // 是否爆炸，没有此字段时为 false
    //"explosion": {
    //  "radius": 5
    //}
  },
  "reload": {
    "type": "magazine",
    "feed": {
      "empty": 2,
      "tactical": 1.13
    },
    "cooldown": {
      "empty": 2.54,
      "tactical": 1.75
    }
  },
  "draw_time": 0.3,
  "put_away_time": 0.3,
  "aim_time": 0.1,
  "sprint_time": 0.15,
  "fire_mode": [
    "semi"
  ],
  "recoil": {
    "pitch": [
      {"time": 0, "value": [0.85, 0.85]},
      {"time": 0.3, "value": [0.85, 0.85]},
      {"time": 0.55, "value": [0.2, 0.2]},
      {"time": 0.85, "value": [0.35, 0.35]},
      {"time": 1.0, "value": [0.35, 0.35]}
    ],
    "yaw": [
      {"time": 0, "value": [-0.25, 0.25]},
      {"time": 0.4, "value": [0, 0]}
    ]
  },
  "inaccuracy": {
    "stand": 1.2,
    "move": 1.45,
    "sneak": 0.78,
    "lie": 0.75,
    "aim": 0.15
  },
  // 开放的配件槽。未指定的槽位默认关闭。全部配件槽类型有:
  // scope, stock, muzzle, grip, laser, extended_mag
  "allow_attachment_types": [
    "muzzle"
  ],
  "move_speed": {
    "base": 0.94,
    // 瞄准情况
    "aim": 0.9
  }
}