{
	"format_version": "1.12.0",
	"minecraft:geometry": [
		{
			"description": {
				"identifier": "geometry.unknown",
				"texture_width": 256,
				"texture_height": 256,
				"visible_bounds_width": 13,
				"visible_bounds_height": 11,
				"visible_bounds_offset": [0, 0.5, 0]
			},
			"bones": [
				{
					"name": "scope_body",
					"pivot": [0.14859, 1.58591, -0.38065],
					"cubes": [
						{
							"origin": [-0.9375, 0.85938, -1.25],
							"size": [1.875, 1.4375, 2.5],
							"uv": {
								"north": {"uv": [137, 123], "uv_size": [2, 1.5]},
								"east": {"uv": [137, 119], "uv_size": [2.5, 1.5]},
								"south": {"uv": [137, 125], "uv_size": [2, 1.5]},
								"west": {"uv": [137, 121], "uv_size": [2.5, 1.5]},
								"up": {"uv": [135, 131], "uv_size": [2, 2.5]},
								"down": {"uv": [135, 136.5], "uv_size": [2, -2.5]}
							}
						},
						{
							"origin": [-1.0625, 0.85938, -1.25],
							"size": [0.125, 0.125, 2.5],
							"pivot": [-0.9375, 0.85938, 0],
							"rotation": [0, 0, 45],
							"uv": {
								"north": {"uv": [153, 117], "uv_size": [0.5, 0.5]},
								"east": {"uv": [146, 107], "uv_size": [2.5, 0.5]},
								"south": {"uv": [118, 153], "uv_size": [0.5, 0.5]},
								"west": {"uv": [146, 108], "uv_size": [2.5, 0.5]},
								"up": {"uv": [146, 109], "uv_size": [0.5, 2.5]},
								"down": {"uv": [146, 116.5], "uv_size": [0.5, -2.5]}
							}
						},
						{
							"origin": [0.9375, 0.85938, -1.25],
							"size": [0.125, 0.125, 2.5],
							"pivot": [0.9375, 0.85938, 0],
							"rotation": [0, 0, -45],
							"uv": {
								"north": {"uv": [153, 118], "uv_size": [0.5, 0.5]},
								"east": {"uv": [146, 112], "uv_size": [2.5, 0.5]},
								"south": {"uv": [119, 153], "uv_size": [0.5, 0.5]},
								"west": {"uv": [146, 117], "uv_size": [2.5, 0.5]},
								"up": {"uv": [146, 118], "uv_size": [0.5, 2.5]},
								"down": {"uv": [146, 123.5], "uv_size": [0.5, -2.5]}
							}
						},
						{
							"origin": [-1.1875, 0.90625, -0.25],
							"size": [0.25, 0.125, 0.625],
							"uv": {
								"north": {"uv": [153, 108], "uv_size": [0.5, 0.5]},
								"east": {"uv": [109, 153], "uv_size": [0.5, 0.5]},
								"south": {"uv": [153, 109], "uv_size": [0.5, 0.5]},
								"west": {"uv": [110, 153], "uv_size": [0.5, 0.5]},
								"up": {"uv": [153, 110], "uv_size": [0.5, 0.5]},
								"down": {"uv": [111, 153.5], "uv_size": [0.5, -0.5]}
							}
						},
						{
							"origin": [-1.31077, 0.95731, -0.25],
							"size": [0.12327, 0.07394, 0.625],
							"uv": {
								"north": {"uv": [153, 114], "uv_size": [0.5, 0.5]},
								"east": {"uv": [115, 153], "uv_size": [0.5, 0.5]},
								"south": {"uv": [153, 115], "uv_size": [0.5, 0.5]},
								"west": {"uv": [116, 153], "uv_size": [0.5, 0.5]},
								"up": {"uv": [153, 116], "uv_size": [0.5, 0.5]},
								"down": {"uv": [117, 153.5], "uv_size": [0.5, -0.5]}
							}
						},
						{
							"origin": [-1.32092, 0.90625, -0.25],
							"size": [0.13342, 0.0625, 0.625],
							"pivot": [-1.1875, 0.90625, 0.0625],
							"rotation": [0, 0, 22.5],
							"uv": {
								"north": {"uv": [153, 111], "uv_size": [0.5, 0.5]},
								"east": {"uv": [112, 153], "uv_size": [0.5, 0.5]},
								"south": {"uv": [153, 112], "uv_size": [0.5, 0.5]},
								"west": {"uv": [113, 153], "uv_size": [0.5, 0.5]},
								"up": {"uv": [153, 113], "uv_size": [0.5, 0.5]},
								"down": {"uv": [114, 153.5], "uv_size": [0.5, -0.5]}
							}
						},
						{
							"origin": [0.6875, 2.29688, -1.25],
							"size": [0.2527, 0.61871, 2.5],
							"pivot": [0.9375, 2.29688, 0],
							"rotation": [0, 0, -45.25],
							"uv": {
								"north": {"uv": [65, 153], "uv_size": [0.5, 0.5]},
								"east": {"uv": [145, 105], "uv_size": [2.5, 0.5]},
								"south": {"uv": [66, 153], "uv_size": [0.5, 0.5]},
								"west": {"uv": [145, 113], "uv_size": [2.5, 0.5]},
								"up": {"uv": [145, 132], "uv_size": [0.5, 2.5]},
								"down": {"uv": [136, 147.5], "uv_size": [0.5, -2.5]}
							}
						},
						{
							"origin": [-0.9402, 2.29688, -1.25],
							"size": [0.2527, 0.61871, 2.5],
							"pivot": [-0.9375, 2.29688, 0],
							"rotation": [0, 0, 45.25],
							"uv": {
								"north": {"uv": [67, 153], "uv_size": [0.5, 0.5]},
								"east": {"uv": [145, 126], "uv_size": [2.5, 0.5]},
								"south": {"uv": [68, 153], "uv_size": [0.5, 0.5]},
								"west": {"uv": [145, 127], "uv_size": [2.5, 0.5]},
								"up": {"uv": [137, 145], "uv_size": [0.5, 2.5]},
								"down": {"uv": [138, 147.5], "uv_size": [0.5, -2.5]}
							}
						},
						{
							"origin": [-0.5, 0.85938, -1.25],
							"size": [1, 1.875, 2.5],
							"uv": {
								"north": {"uv": [143, 118], "uv_size": [1, 2]},
								"east": {"uv": [137, 115], "uv_size": [2.5, 2]},
								"south": {"uv": [143, 120], "uv_size": [1, 2]},
								"west": {"uv": [137, 117], "uv_size": [2.5, 2]},
								"up": {"uv": [141, 118], "uv_size": [1, 2.5]},
								"down": {"uv": [141, 123.5], "uv_size": [1, -2.5]}
							}
						},
						{
							"origin": [0.9375, 1.23438, 0],
							"size": [0.625, 1.0625, 1.25],
							"uv": {
								"north": {"uv": [151, 103], "uv_size": [0.5, 1]},
								"east": {"uv": [136, 144], "uv_size": [1.5, 1]},
								"south": {"uv": [151, 104], "uv_size": [0.5, 1]},
								"west": {"uv": [144, 137], "uv_size": [1.5, 1]},
								"up": {"uv": [149, 115], "uv_size": [0.5, 1.5]},
								"down": {"uv": [149, 118.5], "uv_size": [0.5, -1.5]}
							}
						},
						{
							"origin": [1.125, 1.85938, 1.25],
							"size": [0.3125, 0.3125, 0.03125],
							"pivot": [1.25, 1.98438, 1.26563],
							"rotation": [0, 0, -45],
							"uv": {
								"north": {"uv": [53, 153], "uv_size": [0.5, 0.5]},
								"east": {"uv": [54, 153], "uv_size": [0.5, 0.5]},
								"south": {"uv": [55, 153], "uv_size": [0.5, 0.5]},
								"west": {"uv": [56, 153], "uv_size": [0.5, 0.5]},
								"up": {"uv": [57, 153], "uv_size": [0.5, 0.5]},
								"down": {"uv": [58, 153.5], "uv_size": [0.5, -0.5]}
							}
						},
						{
							"origin": [1.125, 1.35938, 1.25],
							"size": [0.3125, 0.3125, 0.03125],
							"pivot": [1.25, 1.48438, 1.26563],
							"rotation": [0, 0, -45],
							"uv": {
								"north": {"uv": [59, 153], "uv_size": [0.5, 0.5]},
								"east": {"uv": [60, 153], "uv_size": [0.5, 0.5]},
								"south": {"uv": [61, 153], "uv_size": [0.5, 0.5]},
								"west": {"uv": [62, 153], "uv_size": [0.5, 0.5]},
								"up": {"uv": [63, 153], "uv_size": [0.5, 0.5]},
								"down": {"uv": [64, 153.5], "uv_size": [0.5, -0.5]}
							}
						},
						{
							"origin": [0.9375, 1.23438, -1.25],
							"size": [0.1875, 1.0625, 1.25],
							"uv": {
								"north": {"uv": [151, 107], "uv_size": [0.5, 1]},
								"east": {"uv": [144, 139], "uv_size": [1.5, 1]},
								"south": {"uv": [151, 108], "uv_size": [0.5, 1]},
								"west": {"uv": [140, 144], "uv_size": [1.5, 1]},
								"up": {"uv": [149, 128], "uv_size": [0.5, 1.5]},
								"down": {"uv": [149, 133.5], "uv_size": [0.5, -1.5]}
							}
						},
						{
							"origin": [1.14063, 1.23438, -1.32435],
							"size": [0.42187, 1.0625, 1.32435],
							"pivot": [1.5625, 1.76563, 0],
							"rotation": [0, 19.25, 0],
							"uv": {
								"north": {"uv": [151, 105], "uv_size": [0.5, 1]},
								"east": {"uv": [138, 144], "uv_size": [1.5, 1]},
								"south": {"uv": [151, 106], "uv_size": [0.5, 1]},
								"west": {"uv": [144, 138], "uv_size": [1.5, 1]},
								"up": {"uv": [149, 124], "uv_size": [0.5, 1.5]},
								"down": {"uv": [149, 127.5], "uv_size": [0.5, -1.5]}
							}
						},
						{
							"origin": [1.26357, 1.58005, -4.37674],
							"size": [0, 0.3125, 0.5],
							"uv": {
								"west": {"uv": [140, 0], "uv_size": [107, 71]}
							}
						},
						{
							"origin": [-1.26357, 1.58005, -4.37674],
							"size": [0, 0.3125, 0.5],
							"uv": {
								"east": {"uv": [247, 0], "uv_size": [-107, 71]}
							}
						},
						{
							"origin": [-0.90625, 1.37462, 1.25],
							"size": [1.8125, 0.75076, 0.25],
							"inflate": 0.001,
							"uv": {
								"north": {"uv": [143, 112], "uv_size": [2, 1]},
								"east": {"uv": [150, 127], "uv_size": [0.5, 1]},
								"south": {"uv": [143, 113], "uv_size": [2, 1]},
								"west": {"uv": [150, 128], "uv_size": [0.5, 1]},
								"up": {"uv": [147, 136], "uv_size": [2, 0.5]},
								"down": {"uv": [147, 137.5], "uv_size": [2, -0.5]}
							}
						},
						{
							"origin": [-0.37538, 0.84375, 1.25],
							"size": [0.75076, 1.8125, 0.25],
							"inflate": 0.0015,
							"uv": {
								"north": {"uv": [142, 142], "uv_size": [1, 2]},
								"east": {"uv": [147, 128], "uv_size": [0.5, 2]},
								"south": {"uv": [143, 109], "uv_size": [1, 2]},
								"west": {"uv": [147, 130], "uv_size": [0.5, 2]},
								"up": {"uv": [150, 123], "uv_size": [1, 0.5]},
								"down": {"uv": [150, 124.5], "uv_size": [1, -0.5]}
							}
						},
						{
							"origin": [-0.37538, 0.84375, 1.25],
							"size": [0.75076, 1.8125, 0.25],
							"pivot": [0, 1.75, 0.9375],
							"rotation": [0, 0, 45],
							"uv": {
								"north": {"uv": [142, 138], "uv_size": [1, 2]},
								"east": {"uv": [147, 120], "uv_size": [0.5, 2]},
								"south": {"uv": [141, 142], "uv_size": [1, 2]},
								"west": {"uv": [147, 122], "uv_size": [0.5, 2]},
								"up": {"uv": [150, 121], "uv_size": [1, 0.5]},
								"down": {"uv": [150, 122.5], "uv_size": [1, -0.5]}
							}
						},
						{
							"origin": [-0.90625, 1.37462, 1.25],
							"size": [1.8125, 0.75076, 0.25],
							"pivot": [0, 1.75, 0.9375],
							"rotation": [0, 0, 45],
							"uv": {
								"north": {"uv": [142, 140], "uv_size": [2, 1]},
								"east": {"uv": [150, 125], "uv_size": [0.5, 1]},
								"south": {"uv": [143, 111], "uv_size": [2, 1]},
								"west": {"uv": [150, 126], "uv_size": [0.5, 1]},
								"up": {"uv": [147, 132], "uv_size": [2, 0.5]},
								"down": {"uv": [147, 133.5], "uv_size": [2, -0.5]}
							}
						}
					]
				},
				{
					"name": "octagon28",
					"parent": "scope_body",
					"pivot": [0, 1.75, -2.0625],
					"cubes": [
						{
							"origin": [-0.34949, 0.90625, -2.875],
							"size": [0.69899, 1.6875, 4.125],
							"pivot": [0, 1.75, -2.0625],
							"rotation": [0, 0, 45],
							"uv": {
								"north": {"uv": [149, 102], "uv_size": [0.5, 1.5]},
								"east": {"uv": [135, 107], "uv_size": [4, 1.5]},
								"south": {"uv": [149, 104], "uv_size": [0.5, 1.5]},
								"west": {"uv": [135, 109], "uv_size": [4, 1.5]},
								"up": {"uv": [142, 118], "uv_size": [0.5, 4]},
								"down": {"uv": [142, 132], "uv_size": [0.5, -4]}
							}
						},
						{
							"origin": [-0.34949, 0.90625, -2.875],
							"size": [0.69899, 1.6875, 4.125],
							"uv": {
								"north": {"uv": [149, 106], "uv_size": [0.5, 1.5]},
								"east": {"uv": [135, 111], "uv_size": [4, 1.5]},
								"south": {"uv": [149, 108], "uv_size": [0.5, 1.5]},
								"west": {"uv": [135, 113], "uv_size": [4, 1.5]},
								"up": {"uv": [142, 132], "uv_size": [0.5, 4]},
								"down": {"uv": [135, 146], "uv_size": [0.5, -4]}
							}
						},
						{
							"origin": [-0.34949, 2.26103, -3.76733],
							"size": [0.69899, 0.0625, 0.32813],
							"pivot": [0, 1.73438, -2.8065],
							"rotation": [-55, 0, 0],
							"uv": {
								"north": {"uv": [32, 154], "uv_size": [0.5, 0.5]},
								"east": {"uv": [33, 154], "uv_size": [0.5, 0.5]},
								"south": {"uv": [34, 154], "uv_size": [0.5, 0.5]},
								"west": {"uv": [35, 154], "uv_size": [0.5, 0.5]},
								"up": {"uv": [36, 154], "uv_size": [0.5, 0.5]},
								"down": {"uv": [37, 154.5], "uv_size": [0.5, -0.5]}
							}
						},
						{
							"origin": [0.00871, 2.26103, -3.82889],
							"size": [0.10953, 0.0625, 0.3093],
							"pivot": [0, 1.73438, -2.8065],
							"rotation": [-56.57341, -11.03822, 16.17623],
							"uv": {
								"north": {"uv": [38, 154], "uv_size": [0.5, 0.5]},
								"east": {"uv": [39, 154], "uv_size": [0.5, 0.5]},
								"south": {"uv": [40, 154], "uv_size": [0.5, 0.5]},
								"west": {"uv": [41, 154], "uv_size": [0.5, 0.5]},
								"up": {"uv": [42, 154], "uv_size": [0.5, 0.5]},
								"down": {"uv": [43, 154.5], "uv_size": [0.5, -0.5]}
							}
						},
						{
							"origin": [-0.11824, 2.26103, -3.82889],
							"size": [0.10953, 0.0625, 0.3093],
							"pivot": [0, 1.73438, -2.8065],
							"rotation": [-56.57341, 11.03822, -16.17623],
							"uv": {
								"north": {"uv": [44, 154], "uv_size": [0.5, 0.5]},
								"east": {"uv": [45, 154], "uv_size": [0.5, 0.5]},
								"south": {"uv": [46, 154], "uv_size": [0.5, 0.5]},
								"west": {"uv": [47, 154], "uv_size": [0.5, 0.5]},
								"up": {"uv": [48, 154], "uv_size": [0.5, 0.5]},
								"down": {"uv": [49, 154.5], "uv_size": [0.5, -0.5]}
							}
						},
						{
							"origin": [-0.11824, 1.14522, -3.82889],
							"size": [0.10953, 0.0625, 0.3093],
							"pivot": [0, 1.73438, -2.8065],
							"rotation": [56.57341, 11.03822, 16.17623],
							"uv": {
								"north": {"uv": [62, 154], "uv_size": [0.5, 0.5]},
								"east": {"uv": [63, 154], "uv_size": [0.5, 0.5]},
								"south": {"uv": [64, 154], "uv_size": [0.5, 0.5]},
								"west": {"uv": [65, 154], "uv_size": [0.5, 0.5]},
								"up": {"uv": [66, 154], "uv_size": [0.5, 0.5]},
								"down": {"uv": [67, 154.5], "uv_size": [0.5, -0.5]}
							}
						},
						{
							"origin": [-0.34949, 1.14522, -3.76733],
							"size": [0.69899, 0.0625, 0.32813],
							"pivot": [0, 1.73438, -2.8065],
							"rotation": [55, 0, 0],
							"uv": {
								"north": {"uv": [56, 154], "uv_size": [0.5, 0.5]},
								"east": {"uv": [57, 154], "uv_size": [0.5, 0.5]},
								"south": {"uv": [58, 154], "uv_size": [0.5, 0.5]},
								"west": {"uv": [59, 154], "uv_size": [0.5, 0.5]},
								"up": {"uv": [60, 154], "uv_size": [0.5, 0.5]},
								"down": {"uv": [61, 154.5], "uv_size": [0.5, -0.5]}
							}
						},
						{
							"origin": [0.00871, 1.14522, -3.82889],
							"size": [0.10953, 0.0625, 0.3093],
							"pivot": [0, 1.73438, -2.8065],
							"rotation": [56.57341, -11.03822, -16.17623],
							"uv": {
								"north": {"uv": [50, 154], "uv_size": [0.5, 0.5]},
								"east": {"uv": [51, 154], "uv_size": [0.5, 0.5]},
								"south": {"uv": [52, 154], "uv_size": [0.5, 0.5]},
								"west": {"uv": [53, 154], "uv_size": [0.5, 0.5]},
								"up": {"uv": [54, 154], "uv_size": [0.5, 0.5]},
								"down": {"uv": [55, 154.5], "uv_size": [0.5, -0.5]}
							}
						},
						{
							"origin": [-0.11824, 1.14522, -3.82889],
							"size": [0.10953, 0.0625, 0.3093],
							"pivot": [0, 1.73438, -2.8065],
							"rotation": [56.57341, 11.03822, -28.82377],
							"uv": {
								"north": {"uv": [98, 154], "uv_size": [0.5, 0.5]},
								"east": {"uv": [99, 154], "uv_size": [0.5, 0.5]},
								"south": {"uv": [100, 154], "uv_size": [0.5, 0.5]},
								"west": {"uv": [154, 100], "uv_size": [0.5, 0.5]},
								"up": {"uv": [101, 154], "uv_size": [0.5, 0.5]},
								"down": {"uv": [154, 101.5], "uv_size": [0.5, -0.5]}
							}
						},
						{
							"origin": [-0.34949, 1.14522, -3.76733],
							"size": [0.69899, 0.0625, 0.32813],
							"pivot": [0, 1.73438, -2.8065],
							"rotation": [55, 0, -45],
							"uv": {
								"north": {"uv": [92, 154], "uv_size": [0.5, 0.5]},
								"east": {"uv": [93, 154], "uv_size": [0.5, 0.5]},
								"south": {"uv": [94, 154], "uv_size": [0.5, 0.5]},
								"west": {"uv": [95, 154], "uv_size": [0.5, 0.5]},
								"up": {"uv": [96, 154], "uv_size": [0.5, 0.5]},
								"down": {"uv": [97, 154.5], "uv_size": [0.5, -0.5]}
							}
						},
						{
							"origin": [0.00871, 1.14522, -3.82889],
							"size": [0.10953, 0.0625, 0.3093],
							"pivot": [0, 1.73438, -2.8065],
							"rotation": [56.57341, -11.03822, -61.17623],
							"uv": {
								"north": {"uv": [86, 154], "uv_size": [0.5, 0.5]},
								"east": {"uv": [87, 154], "uv_size": [0.5, 0.5]},
								"south": {"uv": [88, 154], "uv_size": [0.5, 0.5]},
								"west": {"uv": [89, 154], "uv_size": [0.5, 0.5]},
								"up": {"uv": [90, 154], "uv_size": [0.5, 0.5]},
								"down": {"uv": [91, 154.5], "uv_size": [0.5, -0.5]}
							}
						},
						{
							"origin": [-0.11824, 2.26103, -3.82889],
							"size": [0.10953, 0.0625, 0.3093],
							"pivot": [0, 1.73438, -2.8065],
							"rotation": [-56.57341, 11.03822, -61.17623],
							"uv": {
								"north": {"uv": [80, 154], "uv_size": [0.5, 0.5]},
								"east": {"uv": [81, 154], "uv_size": [0.5, 0.5]},
								"south": {"uv": [82, 154], "uv_size": [0.5, 0.5]},
								"west": {"uv": [83, 154], "uv_size": [0.5, 0.5]},
								"up": {"uv": [84, 154], "uv_size": [0.5, 0.5]},
								"down": {"uv": [85, 154.5], "uv_size": [0.5, -0.5]}
							}
						},
						{
							"origin": [-0.34949, 2.26103, -3.76733],
							"size": [0.69899, 0.0625, 0.32813],
							"pivot": [0, 1.73438, -2.8065],
							"rotation": [-55, 0, -45],
							"uv": {
								"north": {"uv": [74, 154], "uv_size": [0.5, 0.5]},
								"east": {"uv": [75, 154], "uv_size": [0.5, 0.5]},
								"south": {"uv": [76, 154], "uv_size": [0.5, 0.5]},
								"west": {"uv": [77, 154], "uv_size": [0.5, 0.5]},
								"up": {"uv": [78, 154], "uv_size": [0.5, 0.5]},
								"down": {"uv": [79, 154.5], "uv_size": [0.5, -0.5]}
							}
						},
						{
							"origin": [0.00871, 2.26103, -3.82889],
							"size": [0.10953, 0.0625, 0.3093],
							"pivot": [0, 1.73438, -2.8065],
							"rotation": [-56.57341, -11.03822, -28.82377],
							"uv": {
								"north": {"uv": [68, 154], "uv_size": [0.5, 0.5]},
								"east": {"uv": [69, 154], "uv_size": [0.5, 0.5]},
								"south": {"uv": [70, 154], "uv_size": [0.5, 0.5]},
								"west": {"uv": [71, 154], "uv_size": [0.5, 0.5]},
								"up": {"uv": [72, 154], "uv_size": [0.5, 0.5]},
								"down": {"uv": [73, 154.5], "uv_size": [0.5, -0.5]}
							}
						},
						{
							"origin": [-0.11824, 1.14522, -3.82889],
							"size": [0.10953, 0.0625, 0.3093],
							"pivot": [0, 1.73438, -2.8065],
							"rotation": [56.57341, 11.03822, -73.82377],
							"uv": {
								"north": {"uv": [117, 154], "uv_size": [0.5, 0.5]},
								"east": {"uv": [154, 117], "uv_size": [0.5, 0.5]},
								"south": {"uv": [118, 154], "uv_size": [0.5, 0.5]},
								"west": {"uv": [154, 118], "uv_size": [0.5, 0.5]},
								"up": {"uv": [119, 154], "uv_size": [0.5, 0.5]},
								"down": {"uv": [154, 119.5], "uv_size": [0.5, -0.5]}
							}
						},
						{
							"origin": [-0.34949, 1.14522, -3.76733],
							"size": [0.69899, 0.0625, 0.32813],
							"pivot": [0, 1.73438, -2.8065],
							"rotation": [55, 0, -90],
							"uv": {
								"north": {"uv": [114, 154], "uv_size": [0.5, 0.5]},
								"east": {"uv": [154, 114], "uv_size": [0.5, 0.5]},
								"south": {"uv": [115, 154], "uv_size": [0.5, 0.5]},
								"west": {"uv": [154, 115], "uv_size": [0.5, 0.5]},
								"up": {"uv": [116, 154], "uv_size": [0.5, 0.5]},
								"down": {"uv": [154, 116.5], "uv_size": [0.5, -0.5]}
							}
						},
						{
							"origin": [0.00871, 1.14522, -3.82889],
							"size": [0.10953, 0.0625, 0.3093],
							"pivot": [0, 1.73438, -2.8065],
							"rotation": [56.57341, -11.03822, -106.17623],
							"uv": {
								"north": {"uv": [111, 154], "uv_size": [0.5, 0.5]},
								"east": {"uv": [154, 111], "uv_size": [0.5, 0.5]},
								"south": {"uv": [112, 154], "uv_size": [0.5, 0.5]},
								"west": {"uv": [154, 112], "uv_size": [0.5, 0.5]},
								"up": {"uv": [113, 154], "uv_size": [0.5, 0.5]},
								"down": {"uv": [154, 113.5], "uv_size": [0.5, -0.5]}
							}
						},
						{
							"origin": [-0.11824, 2.26103, -3.82889],
							"size": [0.10953, 0.0625, 0.3093],
							"pivot": [0, 1.73438, -2.8065],
							"rotation": [-56.57341, 11.03822, -106.17623],
							"uv": {
								"north": {"uv": [108, 154], "uv_size": [0.5, 0.5]},
								"east": {"uv": [154, 108], "uv_size": [0.5, 0.5]},
								"south": {"uv": [109, 154], "uv_size": [0.5, 0.5]},
								"west": {"uv": [154, 109], "uv_size": [0.5, 0.5]},
								"up": {"uv": [110, 154], "uv_size": [0.5, 0.5]},
								"down": {"uv": [154, 110.5], "uv_size": [0.5, -0.5]}
							}
						},
						{
							"origin": [-0.34949, 2.26103, -3.76733],
							"size": [0.69899, 0.0625, 0.32813],
							"pivot": [0, 1.73438, -2.8065],
							"rotation": [-55, 0, -90],
							"uv": {
								"north": {"uv": [105, 154], "uv_size": [0.5, 0.5]},
								"east": {"uv": [154, 105], "uv_size": [0.5, 0.5]},
								"south": {"uv": [106, 154], "uv_size": [0.5, 0.5]},
								"west": {"uv": [154, 106], "uv_size": [0.5, 0.5]},
								"up": {"uv": [107, 154], "uv_size": [0.5, 0.5]},
								"down": {"uv": [154, 107.5], "uv_size": [0.5, -0.5]}
							}
						},
						{
							"origin": [0.00871, 2.26103, -3.82889],
							"size": [0.10953, 0.0625, 0.3093],
							"pivot": [0, 1.73438, -2.8065],
							"rotation": [-56.57341, -11.03822, -73.82377],
							"uv": {
								"north": {"uv": [102, 154], "uv_size": [0.5, 0.5]},
								"east": {"uv": [154, 102], "uv_size": [0.5, 0.5]},
								"south": {"uv": [103, 154], "uv_size": [0.5, 0.5]},
								"west": {"uv": [154, 103], "uv_size": [0.5, 0.5]},
								"up": {"uv": [104, 154], "uv_size": [0.5, 0.5]},
								"down": {"uv": [154, 104.5], "uv_size": [0.5, -0.5]}
							}
						},
						{
							"origin": [-0.11824, 1.14522, -3.82889],
							"size": [0.10953, 0.0625, 0.3093],
							"pivot": [0, 1.73438, -2.8065],
							"rotation": [56.57341, 11.03822, -118.82377],
							"uv": {
								"north": {"uv": [135, 154], "uv_size": [0.5, 0.5]},
								"east": {"uv": [154, 135], "uv_size": [0.5, 0.5]},
								"south": {"uv": [136, 154], "uv_size": [0.5, 0.5]},
								"west": {"uv": [154, 136], "uv_size": [0.5, 0.5]},
								"up": {"uv": [137, 154], "uv_size": [0.5, 0.5]},
								"down": {"uv": [154, 137.5], "uv_size": [0.5, -0.5]}
							}
						},
						{
							"origin": [-0.34949, 1.14522, -3.76733],
							"size": [0.69899, 0.0625, 0.32813],
							"pivot": [0, 1.73438, -2.8065],
							"rotation": [55, 0, -135],
							"uv": {
								"north": {"uv": [132, 154], "uv_size": [0.5, 0.5]},
								"east": {"uv": [154, 132], "uv_size": [0.5, 0.5]},
								"south": {"uv": [133, 154], "uv_size": [0.5, 0.5]},
								"west": {"uv": [154, 133], "uv_size": [0.5, 0.5]},
								"up": {"uv": [134, 154], "uv_size": [0.5, 0.5]},
								"down": {"uv": [154, 134.5], "uv_size": [0.5, -0.5]}
							}
						},
						{
							"origin": [0.00871, 1.14522, -3.82889],
							"size": [0.10953, 0.0625, 0.3093],
							"pivot": [0, 1.73438, -2.8065],
							"rotation": [56.57341, -11.03822, -151.17623],
							"uv": {
								"north": {"uv": [129, 154], "uv_size": [0.5, 0.5]},
								"east": {"uv": [154, 129], "uv_size": [0.5, 0.5]},
								"south": {"uv": [130, 154], "uv_size": [0.5, 0.5]},
								"west": {"uv": [154, 130], "uv_size": [0.5, 0.5]},
								"up": {"uv": [131, 154], "uv_size": [0.5, 0.5]},
								"down": {"uv": [154, 131.5], "uv_size": [0.5, -0.5]}
							}
						},
						{
							"origin": [-0.11824, 2.26103, -3.82889],
							"size": [0.10953, 0.0625, 0.3093],
							"pivot": [0, 1.73438, -2.8065],
							"rotation": [-56.57341, 11.03822, -151.17623],
							"uv": {
								"north": {"uv": [126, 154], "uv_size": [0.5, 0.5]},
								"east": {"uv": [154, 126], "uv_size": [0.5, 0.5]},
								"south": {"uv": [127, 154], "uv_size": [0.5, 0.5]},
								"west": {"uv": [154, 127], "uv_size": [0.5, 0.5]},
								"up": {"uv": [128, 154], "uv_size": [0.5, 0.5]},
								"down": {"uv": [154, 128.5], "uv_size": [0.5, -0.5]}
							}
						},
						{
							"origin": [-0.34949, 2.26103, -3.76733],
							"size": [0.69899, 0.0625, 0.32813],
							"pivot": [0, 1.73438, -2.8065],
							"rotation": [-55, 0, -135],
							"uv": {
								"north": {"uv": [123, 154], "uv_size": [0.5, 0.5]},
								"east": {"uv": [154, 123], "uv_size": [0.5, 0.5]},
								"south": {"uv": [124, 154], "uv_size": [0.5, 0.5]},
								"west": {"uv": [154, 124], "uv_size": [0.5, 0.5]},
								"up": {"uv": [125, 154], "uv_size": [0.5, 0.5]},
								"down": {"uv": [154, 125.5], "uv_size": [0.5, -0.5]}
							}
						},
						{
							"origin": [0.00871, 2.26103, -3.82889],
							"size": [0.10953, 0.0625, 0.3093],
							"pivot": [0, 1.73438, -2.8065],
							"rotation": [-56.57341, -11.03822, -118.82377],
							"uv": {
								"north": {"uv": [120, 154], "uv_size": [0.5, 0.5]},
								"east": {"uv": [154, 120], "uv_size": [0.5, 0.5]},
								"south": {"uv": [121, 154], "uv_size": [0.5, 0.5]},
								"west": {"uv": [154, 121], "uv_size": [0.5, 0.5]},
								"up": {"uv": [122, 154], "uv_size": [0.5, 0.5]},
								"down": {"uv": [154, 122.5], "uv_size": [0.5, -0.5]}
							}
						},
						{
							"origin": [-0.84375, 1.40051, -2.875],
							"size": [1.6875, 0.69899, 4.125],
							"pivot": [0, 1.75, -2.0625],
							"rotation": [0, 0, 45],
							"uv": {
								"north": {"uv": [149, 110], "uv_size": [1.5, 0.5]},
								"east": {"uv": [142, 106], "uv_size": [4, 0.5]},
								"south": {"uv": [149, 112], "uv_size": [1.5, 0.5]},
								"west": {"uv": [142, 122], "uv_size": [4, 0.5]},
								"up": {"uv": [135, 115], "uv_size": [1.5, 4]},
								"down": {"uv": [135, 123], "uv_size": [1.5, -4]}
							}
						},
						{
							"origin": [-0.84375, 1.40051, -2.875],
							"size": [1.6875, 0.69899, 4.125],
							"uv": {
								"north": {"uv": [149, 113], "uv_size": [1.5, 0.5]},
								"east": {"uv": [142, 123], "uv_size": [4, 0.5]},
								"south": {"uv": [149, 114], "uv_size": [1.5, 0.5]},
								"west": {"uv": [142, 136], "uv_size": [4, 0.5]},
								"up": {"uv": [135, 123], "uv_size": [1.5, 4]},
								"down": {"uv": [135, 131], "uv_size": [1.5, -4]}
							}
						}
					]
				},
				{
					"name": "octagon27",
					"parent": "scope_body",
					"pivot": [0, 1.73438, -3],
					"cubes": [
						{
							"origin": [-0.46599, 0.60938, -3.625],
							"size": [0.93198, 2.25, 0.75],
							"pivot": [0, 1.73438, -3],
							"rotation": [0, 0, 45],
							"uv": {
								"north": {"uv": [139, 109], "uv_size": [1, 2.5]},
								"east": {"uv": [139, 112], "uv_size": [1, 2.5]},
								"south": {"uv": [139, 123], "uv_size": [1, 2.5]},
								"west": {"uv": [139, 126], "uv_size": [1, 2.5]},
								"up": {"uv": [146, 144], "uv_size": [1, 1]},
								"down": {"uv": [145, 147], "uv_size": [1, -1]}
							}
						},
						{
							"origin": [-0.46599, 0.60938, -3.625],
							"size": [0.93198, 2.25, 0.75],
							"uv": {
								"north": {"uv": [139, 129], "uv_size": [1, 2.5]},
								"east": {"uv": [139, 132], "uv_size": [1, 2.5]},
								"south": {"uv": [135, 139], "uv_size": [1, 2.5]},
								"west": {"uv": [139, 135], "uv_size": [1, 2.5]},
								"up": {"uv": [146, 146], "uv_size": [1, 1]},
								"down": {"uv": [147, 101], "uv_size": [1, -1]}
							}
						},
						{
							"origin": [-1.125, 1.26838, -3.625],
							"size": [2.25, 0.93198, 0.75],
							"pivot": [0, 1.73438, -3],
							"rotation": [0, 0, 45],
							"uv": {
								"north": {"uv": [136, 139], "uv_size": [2.5, 1]},
								"east": {"uv": [147, 101], "uv_size": [1, 1]},
								"south": {"uv": [139, 138], "uv_size": [2.5, 1]},
								"west": {"uv": [147, 102], "uv_size": [1, 1]},
								"up": {"uv": [139, 139], "uv_size": [2.5, 1]},
								"down": {"uv": [140, 110], "uv_size": [2.5, -1]}
							}
						},
						{
							"origin": [-1.125, 1.26838, -3.625],
							"size": [2.25, 0.93198, 0.75],
							"uv": {
								"north": {"uv": [140, 110], "uv_size": [2.5, 1]},
								"east": {"uv": [147, 103], "uv_size": [1, 1]},
								"south": {"uv": [140, 111], "uv_size": [2.5, 1]},
								"west": {"uv": [147, 104], "uv_size": [1, 1]},
								"up": {"uv": [140, 112], "uv_size": [2.5, 1]},
								"down": {"uv": [140, 114], "uv_size": [2.5, -1]}
							}
						}
					]
				},
				{
					"name": "octagon25",
					"parent": "scope_body",
					"pivot": [0, 1.73438, -4],
					"cubes": [
						{
							"origin": [-0.51777, 0.48438, -4.625],
							"size": [1.03553, 2.5, 1],
							"pivot": [0, 1.73438, -4],
							"rotation": [0, 0, 45],
							"uv": {
								"north": {"uv": [140, 114], "uv_size": [1, 2.5]},
								"east": {"uv": [140, 117], "uv_size": [1, 2.5]},
								"south": {"uv": [140, 120], "uv_size": [1, 2.5]},
								"west": {"uv": [140, 123], "uv_size": [1, 2.5]},
								"up": {"uv": [147, 109], "uv_size": [1, 1]},
								"down": {"uv": [147, 111], "uv_size": [1, -1]}
							}
						},
						{
							"origin": [-0.51777, 0.48438, -4.625],
							"size": [1.03553, 2.5, 1],
							"uv": {
								"north": {"uv": [140, 126], "uv_size": [1, 2.5]},
								"east": {"uv": [140, 129], "uv_size": [1, 2.5]},
								"south": {"uv": [140, 132], "uv_size": [1, 2.5]},
								"west": {"uv": [140, 135], "uv_size": [1, 2.5]},
								"up": {"uv": [147, 111], "uv_size": [1, 1]},
								"down": {"uv": [147, 115], "uv_size": [1, -1]}
							}
						},
						{
							"origin": [-1.25, 1.21661, -4.625],
							"size": [2.5, 1.03553, 1],
							"pivot": [0, 1.73438, -4],
							"rotation": [0, 0, 45],
							"uv": {
								"north": {"uv": [136, 140], "uv_size": [2.5, 1]},
								"east": {"uv": [147, 115], "uv_size": [1, 1]},
								"south": {"uv": [139, 140], "uv_size": [2.5, 1]},
								"west": {"uv": [147, 116], "uv_size": [1, 1]},
								"up": {"uv": [141, 107], "uv_size": [2.5, 1]},
								"down": {"uv": [141, 109], "uv_size": [2.5, -1]}
							}
						},
						{
							"origin": [-1.25, 1.21661, -4.625],
							"size": [2.5, 1.03553, 1],
							"uv": {
								"north": {"uv": [141, 114], "uv_size": [2.5, 1]},
								"east": {"uv": [147, 118], "uv_size": [1, 1]},
								"south": {"uv": [141, 115], "uv_size": [2.5, 1]},
								"west": {"uv": [147, 119], "uv_size": [1, 1]},
								"up": {"uv": [141, 116], "uv_size": [2.5, 1]},
								"down": {"uv": [141, 118], "uv_size": [2.5, -1]}
							}
						}
					]
				},
				{
					"name": "octagon24",
					"parent": "scope_body",
					"pivot": [0, 1.75, 0.9375],
					"cubes": [
						{
							"origin": [-0.37538, 0.84375, -4.675],
							"size": [0.75076, 1.8125, 0.25],
							"pivot": [0, 1.75, -4.1125],
							"rotation": [0, 0, 45],
							"uv": {
								"north": {"uv": [144, 132], "uv_size": [1, 2]},
								"east": {"uv": [148, 147], "uv_size": [0.5, 2]},
								"south": {"uv": [144, 134], "uv_size": [1, 2]},
								"west": {"uv": [149, 100], "uv_size": [0.5, 2]},
								"up": {"uv": [51, 153], "uv_size": [1, 0.5]},
								"down": {"uv": [52, 153.5], "uv_size": [1, -0.5]}
							}
						},
						{
							"origin": [-0.90625, 1.37462, -4.675],
							"size": [1.8125, 0.75076, 0.25],
							"inflate": 0.001,
							"uv": {
								"north": {"uv": [144, 130], "uv_size": [2, 1]},
								"east": {"uv": [49, 153], "uv_size": [0.5, 1]},
								"south": {"uv": [144, 131], "uv_size": [2, 1]},
								"west": {"uv": [50, 153], "uv_size": [0.5, 1]},
								"up": {"uv": [148, 138], "uv_size": [2, 0.5]},
								"down": {"uv": [146, 148.5], "uv_size": [2, -0.5]}
							}
						},
						{
							"origin": [-0.90625, 1.37462, -4.675],
							"size": [1.8125, 0.75076, 0.25],
							"pivot": [0, 1.75, -4.1125],
							"rotation": [0, 0, 45],
							"uv": {
								"north": {"uv": [144, 128], "uv_size": [2, 1]},
								"east": {"uv": [47, 153], "uv_size": [0.5, 1]},
								"south": {"uv": [144, 129], "uv_size": [2, 1]},
								"west": {"uv": [48, 153], "uv_size": [0.5, 1]},
								"up": {"uv": [148, 131], "uv_size": [2, 0.5]},
								"down": {"uv": [148, 135.5], "uv_size": [2, -0.5]}
							}
						},
						{
							"origin": [-0.37538, 0.84375, -4.675],
							"size": [0.75076, 1.8125, 0.25],
							"inflate": 0.0015,
							"uv": {
								"north": {"uv": [144, 124], "uv_size": [1, 2]},
								"east": {"uv": [145, 148], "uv_size": [0.5, 2]},
								"south": {"uv": [144, 126], "uv_size": [1, 2]},
								"west": {"uv": [148, 145], "uv_size": [0.5, 2]},
								"up": {"uv": [45, 153], "uv_size": [1, 0.5]},
								"down": {"uv": [46, 153.5], "uv_size": [1, -0.5]}
							}
						}
					]
				},
				{
					"name": "octagon23",
					"parent": "scope_body",
					"pivot": [0, 1.75, 1.9375],
					"cubes": [
						{
							"origin": [0.22151, 2.85938, 2.0625],
							"size": [0.11948, 0.3125, 0.23438],
							"uv": {
								"north": {"uv": [153, 119], "uv_size": [0.5, 0.5]},
								"east": {"uv": [120, 153], "uv_size": [0.5, 0.5]},
								"south": {"uv": [153, 120], "uv_size": [0.5, 0.5]},
								"west": {"uv": [121, 153], "uv_size": [0.5, 0.5]},
								"up": {"uv": [153, 121], "uv_size": [0.5, 0.5]},
								"down": {"uv": [122, 153.5], "uv_size": [0.5, -0.5]}
							}
						},
						{
							"origin": [-0.38787, 2.96875, 2.09375],
							"size": [0.77573, 0.10938, 0.10938],
							"pivot": [0.3125, 3.02344, 2.14844],
							"rotation": [-45, 0, 0],
							"uv": {
								"north": {"uv": [142, 152], "uv_size": [1, 0.5]},
								"east": {"uv": [153, 131], "uv_size": [0.5, 0.5]},
								"south": {"uv": [152, 142], "uv_size": [1, 0.5]},
								"west": {"uv": [132, 153], "uv_size": [0.5, 0.5]},
								"up": {"uv": [143, 152], "uv_size": [1, 0.5]},
								"down": {"uv": [152, 143.5], "uv_size": [1, -0.5]}
							}
						},
						{
							"origin": [0.22151, 2.95313, 1.64063],
							"size": [0.11948, 0.21875, 0.42188],
							"pivot": [0.28125, 3.17188, 2.0625],
							"rotation": [45, 0, 0],
							"uv": {
								"north": {"uv": [153, 122], "uv_size": [0.5, 0.5]},
								"east": {"uv": [123, 153], "uv_size": [0.5, 0.5]},
								"south": {"uv": [153, 123], "uv_size": [0.5, 0.5]},
								"west": {"uv": [124, 153], "uv_size": [0.5, 0.5]},
								"up": {"uv": [153, 124], "uv_size": [0.5, 0.5]},
								"down": {"uv": [125, 153.5], "uv_size": [0.5, -0.5]}
							}
						},
						{
							"origin": [-0.34099, 2.85938, 2.0625],
							"size": [0.11948, 0.3125, 0.23438],
							"uv": {
								"north": {"uv": [153, 128], "uv_size": [0.5, 0.5]},
								"east": {"uv": [129, 153], "uv_size": [0.5, 0.5]},
								"south": {"uv": [153, 129], "uv_size": [0.5, 0.5]},
								"west": {"uv": [130, 153], "uv_size": [0.5, 0.5]},
								"up": {"uv": [153, 130], "uv_size": [0.5, 0.5]},
								"down": {"uv": [131, 153.5], "uv_size": [0.5, -0.5]}
							}
						},
						{
							"origin": [-0.34099, 2.95313, 1.64063],
							"size": [0.11948, 0.21875, 0.42188],
							"pivot": [-0.28125, 3.17188, 2.0625],
							"rotation": [45, 0, 0],
							"uv": {
								"north": {"uv": [153, 125], "uv_size": [0.5, 0.5]},
								"east": {"uv": [126, 153], "uv_size": [0.5, 0.5]},
								"south": {"uv": [153, 126], "uv_size": [0.5, 0.5]},
								"west": {"uv": [127, 153], "uv_size": [0.5, 0.5]},
								"up": {"uv": [153, 127], "uv_size": [0.5, 0.5]},
								"down": {"uv": [128, 153.5], "uv_size": [0.5, -0.5]}
							}
						},
						{
							"origin": [-0.34099, 2.98438, -4.625],
							"size": [0.11948, 0.3125, 0.23438],
							"uv": {
								"north": {"uv": [153, 142], "uv_size": [0.5, 0.5]},
								"east": {"uv": [143, 153], "uv_size": [0.5, 0.5]},
								"south": {"uv": [153, 143], "uv_size": [0.5, 0.5]},
								"west": {"uv": [144, 153], "uv_size": [0.5, 0.5]},
								"up": {"uv": [153, 144], "uv_size": [0.5, 0.5]},
								"down": {"uv": [145, 153.5], "uv_size": [0.5, -0.5]}
							}
						},
						{
							"origin": [-0.34099, 3.07813, -4.39062],
							"size": [0.11948, 0.21875, 0.42188],
							"pivot": [-0.28125, 3.29688, -4.39062],
							"rotation": [-45, 0, 0],
							"uv": {
								"north": {"uv": [153, 139], "uv_size": [0.5, 0.5]},
								"east": {"uv": [140, 153], "uv_size": [0.5, 0.5]},
								"south": {"uv": [153, 140], "uv_size": [0.5, 0.5]},
								"west": {"uv": [141, 153], "uv_size": [0.5, 0.5]},
								"up": {"uv": [153, 141], "uv_size": [0.5, 0.5]},
								"down": {"uv": [142, 153.5], "uv_size": [0.5, -0.5]}
							}
						},
						{
							"origin": [-0.38787, 3.09375, -4.53125],
							"size": [0.77573, 0.10938, 0.10938],
							"pivot": [0.3125, 3.14844, -4.47656],
							"rotation": [45, 0, 0],
							"uv": {
								"north": {"uv": [144, 152], "uv_size": [1, 0.5]},
								"east": {"uv": [153, 138], "uv_size": [0.5, 0.5]},
								"south": {"uv": [152, 144], "uv_size": [1, 0.5]},
								"west": {"uv": [139, 153], "uv_size": [0.5, 0.5]},
								"up": {"uv": [145, 152], "uv_size": [1, 0.5]},
								"down": {"uv": [152, 145.5], "uv_size": [1, -0.5]}
							}
						},
						{
							"origin": [0.22151, 2.98438, -4.625],
							"size": [0.11948, 0.3125, 0.23438],
							"uv": {
								"north": {"uv": [153, 135], "uv_size": [0.5, 0.5]},
								"east": {"uv": [136, 153], "uv_size": [0.5, 0.5]},
								"south": {"uv": [153, 136], "uv_size": [0.5, 0.5]},
								"west": {"uv": [137, 153], "uv_size": [0.5, 0.5]},
								"up": {"uv": [153, 137], "uv_size": [0.5, 0.5]},
								"down": {"uv": [138, 153.5], "uv_size": [0.5, -0.5]}
							}
						},
						{
							"origin": [0.22151, 3.07813, -4.39062],
							"size": [0.11948, 0.21875, 0.42188],
							"pivot": [0.28125, 3.29688, -4.39062],
							"rotation": [-45, 0, 0],
							"uv": {
								"north": {"uv": [153, 132], "uv_size": [0.5, 0.5]},
								"east": {"uv": [133, 153], "uv_size": [0.5, 0.5]},
								"south": {"uv": [153, 133], "uv_size": [0.5, 0.5]},
								"west": {"uv": [134, 153], "uv_size": [0.5, 0.5]},
								"up": {"uv": [153, 134], "uv_size": [0.5, 0.5]},
								"down": {"uv": [135, 153.5], "uv_size": [0.5, -0.5]}
							}
						}
					]
				},
				{
					"name": "octagon22",
					"parent": "scope_body",
					"pivot": [-1.4375, 1.59375, 0.0625],
					"rotation": [22.5, 0, 0],
					"cubes": [
						{
							"origin": [-1.3125, 1.38664, -0.4375],
							"size": [0.375, 0.41421, 1],
							"pivot": [-1.4375, 1.59375, 0.0625],
							"rotation": [-45, 0, 0],
							"uv": {
								"north": {"uv": [69, 153], "uv_size": [0.5, 0.5]},
								"east": {"uv": [151, 109], "uv_size": [1, 0.5]},
								"south": {"uv": [70, 153], "uv_size": [0.5, 0.5]},
								"west": {"uv": [151, 110], "uv_size": [1, 0.5]},
								"up": {"uv": [151, 112], "uv_size": [0.5, 1]},
								"down": {"uv": [151, 114], "uv_size": [0.5, -1]}
							}
						},
						{
							"origin": [-1.3125, 1.38664, -0.4375],
							"size": [0.375, 0.41421, 1],
							"uv": {
								"north": {"uv": [71, 153], "uv_size": [0.5, 0.5]},
								"east": {"uv": [151, 114], "uv_size": [1, 0.5]},
								"south": {"uv": [72, 153], "uv_size": [0.5, 0.5]},
								"west": {"uv": [151, 115], "uv_size": [1, 0.5]},
								"up": {"uv": [151, 116], "uv_size": [0.5, 1]},
								"down": {"uv": [151, 120], "uv_size": [0.5, -1]}
							}
						},
						{
							"origin": [-1.3125, 1.09375, -0.14461],
							"size": [0.375, 1, 0.41421],
							"pivot": [-1.4375, 1.59375, 0.0625],
							"rotation": [-45, 0, 0],
							"uv": {
								"north": {"uv": [151, 121], "uv_size": [0.5, 1]},
								"east": {"uv": [151, 122], "uv_size": [0.5, 1]},
								"south": {"uv": [151, 123], "uv_size": [0.5, 1]},
								"west": {"uv": [151, 124], "uv_size": [0.5, 1]},
								"up": {"uv": [73, 153], "uv_size": [0.5, 0.5]},
								"down": {"uv": [74, 153.5], "uv_size": [0.5, -0.5]}
							}
						},
						{
							"origin": [-1.3125, 1.09375, -0.14461],
							"size": [0.375, 1, 0.41421],
							"uv": {
								"north": {"uv": [151, 125], "uv_size": [0.5, 1]},
								"east": {"uv": [151, 126], "uv_size": [0.5, 1]},
								"south": {"uv": [151, 127], "uv_size": [0.5, 1]},
								"west": {"uv": [151, 128], "uv_size": [0.5, 1]},
								"up": {"uv": [75, 153], "uv_size": [0.5, 0.5]},
								"down": {"uv": [76, 153.5], "uv_size": [0.5, -0.5]}
							}
						}
					]
				},
				{
					"name": "octagon21",
					"parent": "scope_body",
					"pivot": [-0.875, 2.67188, 0.1875],
					"cubes": [
						{
							"origin": [-1.03033, 2.29688, -1.25],
							"size": [0.31066, 0.75, 2.5],
							"pivot": [-0.875, 2.67188, 0.1875],
							"rotation": [0, 0, 45],
							"uv": {
								"north": {"uv": [151, 129], "uv_size": [0.5, 1]},
								"east": {"uv": [141, 124], "uv_size": [2.5, 1]},
								"south": {"uv": [151, 130], "uv_size": [0.5, 1]},
								"west": {"uv": [141, 125], "uv_size": [2.5, 1]},
								"up": {"uv": [139, 145], "uv_size": [0.5, 2.5]},
								"down": {"uv": [140, 147.5], "uv_size": [0.5, -2.5]}
							}
						},
						{
							"origin": [-1.03033, 2.29688, -1.25],
							"size": [0.31066, 0.75, 2.5],
							"uv": {
								"north": {"uv": [151, 131], "uv_size": [0.5, 1]},
								"east": {"uv": [141, 126], "uv_size": [2.5, 1]},
								"south": {"uv": [151, 132], "uv_size": [0.5, 1]},
								"west": {"uv": [141, 127], "uv_size": [2.5, 1]},
								"up": {"uv": [145, 140], "uv_size": [0.5, 2.5]},
								"down": {"uv": [141, 147.5], "uv_size": [0.5, -2.5]}
							}
						},
						{
							"origin": [-1.25, 2.51654, -1.25],
							"size": [0.75, 0.31066, 2.5],
							"pivot": [-0.875, 2.67188, 0.1875],
							"rotation": [0, 0, 45],
							"uv": {
								"north": {"uv": [151, 133], "uv_size": [1, 0.5]},
								"east": {"uv": [145, 135], "uv_size": [2.5, 0.5]},
								"south": {"uv": [151, 134], "uv_size": [1, 0.5]},
								"west": {"uv": [145, 143], "uv_size": [2.5, 0.5]},
								"up": {"uv": [141, 128], "uv_size": [1, 2.5]},
								"down": {"uv": [141, 133.5], "uv_size": [1, -2.5]}
							}
						},
						{
							"origin": [-1.25, 2.57904, -0.75],
							"size": [0, 0.18566, 1.5],
							"inflate": 0.01563,
							"pivot": [-0.875, 2.67188, 0.1875],
							"rotation": [0, 0, 45],
							"uv": {
								"east": {"uv": [134, 75], "uv_size": [122, 10]}
							}
						},
						{
							"origin": [-1.25, 2.51654, -1.25],
							"size": [0.75, 0.31066, 2.5],
							"uv": {
								"north": {"uv": [135, 151], "uv_size": [1, 0.5]},
								"east": {"uv": [144, 145], "uv_size": [2.5, 0.5]},
								"south": {"uv": [151, 135], "uv_size": [1, 0.5]},
								"west": {"uv": [146, 106], "uv_size": [2.5, 0.5]},
								"up": {"uv": [141, 134], "uv_size": [1, 2.5]},
								"down": {"uv": [136, 143.5], "uv_size": [1, -2.5]}
							}
						}
					]
				},
				{
					"name": "hexadecagon",
					"parent": "scope_body",
					"pivot": [-0.875, 2.67188, 0.9375],
					"cubes": [
						{
							"origin": [-0.94959, 2.29688, 1.25],
							"size": [0.14918, 0.75, 0.1875],
							"pivot": [-0.875, 2.67188, 0.9375],
							"rotation": [0, 0, -45],
							"uv": {
								"north": {"uv": [136, 151], "uv_size": [0.5, 1]},
								"east": {"uv": [151, 136], "uv_size": [0.5, 1]},
								"south": {"uv": [137, 151], "uv_size": [0.5, 1]},
								"west": {"uv": [151, 137], "uv_size": [0.5, 1]},
								"up": {"uv": [77, 153], "uv_size": [0.5, 0.5]},
								"down": {"uv": [78, 153.5], "uv_size": [0.5, -0.5]}
							}
						},
						{
							"origin": [-0.94959, 2.29688, 1.25],
							"size": [0.14918, 0.75, 0.1875],
							"pivot": [-0.875, 2.67188, 0.9375],
							"rotation": [0, 0, -22.5],
							"uv": {
								"north": {"uv": [138, 151], "uv_size": [0.5, 1]},
								"east": {"uv": [151, 138], "uv_size": [0.5, 1]},
								"south": {"uv": [139, 151], "uv_size": [0.5, 1]},
								"west": {"uv": [151, 139], "uv_size": [0.5, 1]},
								"up": {"uv": [79, 153], "uv_size": [0.5, 0.5]},
								"down": {"uv": [80, 153.5], "uv_size": [0.5, -0.5]}
							}
						},
						{
							"origin": [-0.94959, 2.29688, 1.25],
							"size": [0.14918, 0.75, 0.1875],
							"uv": {
								"north": {"uv": [140, 151], "uv_size": [0.5, 1]},
								"east": {"uv": [151, 140], "uv_size": [0.5, 1]},
								"south": {"uv": [141, 151], "uv_size": [0.5, 1]},
								"west": {"uv": [151, 141], "uv_size": [0.5, 1]},
								"up": {"uv": [81, 153], "uv_size": [0.5, 0.5]},
								"down": {"uv": [82, 153.5], "uv_size": [0.5, -0.5]}
							}
						},
						{
							"origin": [-0.94959, 2.29688, 1.25],
							"size": [0.14918, 0.75, 0.1875],
							"pivot": [-0.875, 2.67188, 0.9375],
							"rotation": [0, 0, 22.5],
							"uv": {
								"north": {"uv": [142, 151], "uv_size": [0.5, 1]},
								"east": {"uv": [151, 142], "uv_size": [0.5, 1]},
								"south": {"uv": [143, 151], "uv_size": [0.5, 1]},
								"west": {"uv": [151, 143], "uv_size": [0.5, 1]},
								"up": {"uv": [83, 153], "uv_size": [0.5, 0.5]},
								"down": {"uv": [84, 153.5], "uv_size": [0.5, -0.5]}
							}
						},
						{
							"origin": [-0.94959, 2.29688, 1.25],
							"size": [0.14918, 0.75, 0.1875],
							"pivot": [-0.875, 2.67188, 0.9375],
							"rotation": [0, 0, 45],
							"uv": {
								"north": {"uv": [144, 151], "uv_size": [0.5, 1]},
								"east": {"uv": [151, 144], "uv_size": [0.5, 1]},
								"south": {"uv": [145, 151], "uv_size": [0.5, 1]},
								"west": {"uv": [151, 145], "uv_size": [0.5, 1]},
								"up": {"uv": [85, 153], "uv_size": [0.5, 0.5]},
								"down": {"uv": [86, 153.5], "uv_size": [0.5, -0.5]}
							}
						},
						{
							"origin": [-1.25, 2.59728, 1.25],
							"size": [0.75, 0.14918, 0.1875],
							"pivot": [-0.875, 2.67188, 0.9375],
							"rotation": [0, 0, -22.5],
							"uv": {
								"north": {"uv": [146, 151], "uv_size": [1, 0.5]},
								"east": {"uv": [87, 153], "uv_size": [0.5, 0.5]},
								"south": {"uv": [151, 146], "uv_size": [1, 0.5]},
								"west": {"uv": [88, 153], "uv_size": [0.5, 0.5]},
								"up": {"uv": [147, 151], "uv_size": [1, 0.5]},
								"down": {"uv": [151, 147.5], "uv_size": [1, -0.5]}
							}
						},
						{
							"origin": [-1.25, 2.59728, 1.25],
							"size": [0.75, 0.14918, 0.1875],
							"uv": {
								"north": {"uv": [148, 151], "uv_size": [1, 0.5]},
								"east": {"uv": [89, 153], "uv_size": [0.5, 0.5]},
								"south": {"uv": [151, 148], "uv_size": [1, 0.5]},
								"west": {"uv": [90, 153], "uv_size": [0.5, 0.5]},
								"up": {"uv": [149, 151], "uv_size": [1, 0.5]},
								"down": {"uv": [151, 149.5], "uv_size": [1, -0.5]}
							}
						},
						{
							"origin": [-1.25, 2.59728, 1.25],
							"size": [0.75, 0.14918, 0.1875],
							"pivot": [-0.875, 2.67188, 0.9375],
							"rotation": [0, 0, 22.5],
							"uv": {
								"north": {"uv": [150, 151], "uv_size": [1, 0.5]},
								"east": {"uv": [91, 153], "uv_size": [0.5, 0.5]},
								"south": {"uv": [151, 150], "uv_size": [1, 0.5]},
								"west": {"uv": [92, 153], "uv_size": [0.5, 0.5]},
								"up": {"uv": [151, 151], "uv_size": [1, 0.5]},
								"down": {"uv": [152, 100.5], "uv_size": [1, -0.5]}
							}
						}
					]
				},
				{
					"name": "hexadecagon2",
					"parent": "scope_body",
					"pivot": [-0.875, 2.67188, -1.75],
					"cubes": [
						{
							"origin": [-0.94959, 2.29688, -1.3125],
							"size": [0.14918, 0.75, 0.0625],
							"pivot": [-0.875, 2.67188, -1.75],
							"rotation": [0, 0, -45],
							"uv": {
								"north": {"uv": [152, 101], "uv_size": [0.5, 1]},
								"east": {"uv": [152, 102], "uv_size": [0.5, 1]},
								"south": {"uv": [152, 103], "uv_size": [0.5, 1]},
								"west": {"uv": [152, 104], "uv_size": [0.5, 1]},
								"up": {"uv": [93, 153], "uv_size": [0.5, 0.5]},
								"down": {"uv": [94, 153.5], "uv_size": [0.5, -0.5]}
							}
						},
						{
							"origin": [-0.94959, 2.29688, -1.3125],
							"size": [0.14918, 0.75, 0.0625],
							"pivot": [-0.875, 2.67188, -1.75],
							"rotation": [0, 0, -22.5],
							"uv": {
								"north": {"uv": [152, 105], "uv_size": [0.5, 1]},
								"east": {"uv": [152, 106], "uv_size": [0.5, 1]},
								"south": {"uv": [152, 107], "uv_size": [0.5, 1]},
								"west": {"uv": [152, 108], "uv_size": [0.5, 1]},
								"up": {"uv": [95, 153], "uv_size": [0.5, 0.5]},
								"down": {"uv": [96, 153.5], "uv_size": [0.5, -0.5]}
							}
						},
						{
							"origin": [-0.94959, 2.29688, -1.3125],
							"size": [0.14918, 0.75, 0.0625],
							"uv": {
								"north": {"uv": [152, 109], "uv_size": [0.5, 1]},
								"east": {"uv": [152, 110], "uv_size": [0.5, 1]},
								"south": {"uv": [152, 111], "uv_size": [0.5, 1]},
								"west": {"uv": [152, 112], "uv_size": [0.5, 1]},
								"up": {"uv": [97, 153], "uv_size": [0.5, 0.5]},
								"down": {"uv": [98, 153.5], "uv_size": [0.5, -0.5]}
							}
						},
						{
							"origin": [-0.94959, 2.29688, -1.3125],
							"size": [0.14918, 0.75, 0.0625],
							"pivot": [-0.875, 2.67188, -1.75],
							"rotation": [0, 0, 22.5],
							"uv": {
								"north": {"uv": [152, 113], "uv_size": [0.5, 1]},
								"east": {"uv": [152, 114], "uv_size": [0.5, 1]},
								"south": {"uv": [152, 115], "uv_size": [0.5, 1]},
								"west": {"uv": [152, 116], "uv_size": [0.5, 1]},
								"up": {"uv": [99, 153], "uv_size": [0.5, 0.5]},
								"down": {"uv": [100, 153.5], "uv_size": [0.5, -0.5]}
							}
						},
						{
							"origin": [-0.94959, 2.29688, -1.3125],
							"size": [0.14918, 0.75, 0.0625],
							"pivot": [-0.875, 2.67188, -1.75],
							"rotation": [0, 0, 45],
							"uv": {
								"north": {"uv": [152, 117], "uv_size": [0.5, 1]},
								"east": {"uv": [152, 118], "uv_size": [0.5, 1]},
								"south": {"uv": [152, 119], "uv_size": [0.5, 1]},
								"west": {"uv": [152, 120], "uv_size": [0.5, 1]},
								"up": {"uv": [153, 100], "uv_size": [0.5, 0.5]},
								"down": {"uv": [101, 153.5], "uv_size": [0.5, -0.5]}
							}
						},
						{
							"origin": [-1.25, 2.59728, -1.3125],
							"size": [0.75, 0.14918, 0.0625],
							"pivot": [-0.875, 2.67188, -1.75],
							"rotation": [0, 0, -22.5],
							"uv": {
								"north": {"uv": [152, 121], "uv_size": [1, 0.5]},
								"east": {"uv": [153, 101], "uv_size": [0.5, 0.5]},
								"south": {"uv": [152, 122], "uv_size": [1, 0.5]},
								"west": {"uv": [102, 153], "uv_size": [0.5, 0.5]},
								"up": {"uv": [152, 123], "uv_size": [1, 0.5]},
								"down": {"uv": [152, 124.5], "uv_size": [1, -0.5]}
							}
						},
						{
							"origin": [-1.25, 2.59728, -1.3125],
							"size": [0.75, 0.14918, 0.0625],
							"uv": {
								"north": {"uv": [152, 125], "uv_size": [1, 0.5]},
								"east": {"uv": [153, 102], "uv_size": [0.5, 0.5]},
								"south": {"uv": [152, 126], "uv_size": [1, 0.5]},
								"west": {"uv": [103, 153], "uv_size": [0.5, 0.5]},
								"up": {"uv": [152, 127], "uv_size": [1, 0.5]},
								"down": {"uv": [152, 128.5], "uv_size": [1, -0.5]}
							}
						},
						{
							"origin": [-1.25, 2.59728, -1.3125],
							"size": [0.75, 0.14918, 0.0625],
							"pivot": [-0.875, 2.67188, -1.75],
							"rotation": [0, 0, 22.5],
							"uv": {
								"north": {"uv": [152, 129], "uv_size": [1, 0.5]},
								"east": {"uv": [153, 103], "uv_size": [0.5, 0.5]},
								"south": {"uv": [152, 130], "uv_size": [1, 0.5]},
								"west": {"uv": [104, 153], "uv_size": [0.5, 0.5]},
								"up": {"uv": [152, 131], "uv_size": [1, 0.5]},
								"down": {"uv": [152, 132.5], "uv_size": [1, -0.5]}
							}
						}
					]
				},
				{
					"name": "octagon20",
					"parent": "scope_body",
					"pivot": [0, 3.23438, 0.14063],
					"cubes": [
						{
							"origin": [-0.15533, 2.73438, -0.23437],
							"size": [0.31066, 0.3125, 0.75],
							"pivot": [0, 3.23438, 0.14063],
							"rotation": [0, -45, 0],
							"uv": {
								"north": {"uv": [153, 104], "uv_size": [0.5, 0.5]},
								"east": {"uv": [152, 133], "uv_size": [1, 0.5]},
								"south": {"uv": [105, 153], "uv_size": [0.5, 0.5]},
								"west": {"uv": [152, 134], "uv_size": [1, 0.5]},
								"up": {"uv": [135, 152], "uv_size": [0.5, 1]},
								"down": {"uv": [152, 136], "uv_size": [0.5, -1]}
							}
						},
						{
							"origin": [-0.15533, 2.73438, -0.23437],
							"size": [0.31066, 0.3125, 0.75],
							"uv": {
								"north": {"uv": [153, 105], "uv_size": [0.5, 0.5]},
								"east": {"uv": [136, 152], "uv_size": [1, 0.5]},
								"south": {"uv": [106, 153], "uv_size": [0.5, 0.5]},
								"west": {"uv": [152, 136], "uv_size": [1, 0.5]},
								"up": {"uv": [137, 152], "uv_size": [0.5, 1]},
								"down": {"uv": [152, 138], "uv_size": [0.5, -1]}
							}
						},
						{
							"origin": [-0.375, 2.73438, -0.01471],
							"size": [0.75, 0.3125, 0.31066],
							"pivot": [0, 3.23438, 0.14063],
							"rotation": [0, -45, 0],
							"uv": {
								"north": {"uv": [138, 152], "uv_size": [1, 0.5]},
								"east": {"uv": [153, 106], "uv_size": [0.5, 0.5]},
								"south": {"uv": [152, 138], "uv_size": [1, 0.5]},
								"west": {"uv": [107, 153], "uv_size": [0.5, 0.5]},
								"up": {"uv": [139, 152], "uv_size": [1, 0.5]},
								"down": {"uv": [152, 139.5], "uv_size": [1, -0.5]}
							}
						},
						{
							"origin": [-0.375, 2.73438, -0.01471],
							"size": [0.75, 0.3125, 0.31066],
							"uv": {
								"north": {"uv": [140, 152], "uv_size": [1, 0.5]},
								"east": {"uv": [153, 107], "uv_size": [0.5, 0.5]},
								"south": {"uv": [152, 140], "uv_size": [1, 0.5]},
								"west": {"uv": [108, 153], "uv_size": [0.5, 0.5]},
								"up": {"uv": [141, 152], "uv_size": [1, 0.5]},
								"down": {"uv": [152, 141.5], "uv_size": [1, -0.5]}
							}
						}
					]
				},
				{
					"name": "octagon19",
					"parent": "scope_body",
					"pivot": [0, 1.73438, -5.0625],
					"cubes": [
						{
							"origin": [-0.46599, 0.60938, -4.8125],
							"size": [0.93198, 0.1875, 0.25],
							"pivot": [0, 1.73438, -5.0625],
							"rotation": [0, 0, 45],
							"uv": {
								"north": {"uv": [146, 152], "uv_size": [1, 0.5]},
								"east": {"uv": [153, 145], "uv_size": [0.5, 0.5]},
								"south": {"uv": [152, 146], "uv_size": [1, 0.5]},
								"west": {"uv": [146, 153], "uv_size": [0.5, 0.5]},
								"up": {"uv": [147, 152], "uv_size": [1, 0.5]},
								"down": {"uv": [152, 147.5], "uv_size": [1, -0.5]}
							}
						},
						{
							"origin": [-0.46599, 0.60938, -4.8125],
							"size": [0.93198, 0.1875, 0.25],
							"uv": {
								"north": {"uv": [148, 152], "uv_size": [1, 0.5]},
								"east": {"uv": [153, 146], "uv_size": [0.5, 0.5]},
								"south": {"uv": [152, 148], "uv_size": [1, 0.5]},
								"west": {"uv": [147, 153], "uv_size": [0.5, 0.5]},
								"up": {"uv": [149, 152], "uv_size": [1, 0.5]},
								"down": {"uv": [152, 149.5], "uv_size": [1, -0.5]}
							}
						},
						{
							"origin": [-0.46599, 2.67188, -4.8125],
							"size": [0.93198, 0.1875, 0.25],
							"pivot": [0, 1.73438, -5.0625],
							"rotation": [0, 0, 45],
							"uv": {
								"north": {"uv": [150, 152], "uv_size": [1, 0.5]},
								"east": {"uv": [153, 147], "uv_size": [0.5, 0.5]},
								"south": {"uv": [152, 150], "uv_size": [1, 0.5]},
								"west": {"uv": [148, 153], "uv_size": [0.5, 0.5]},
								"up": {"uv": [151, 152], "uv_size": [1, 0.5]},
								"down": {"uv": [152, 151.5], "uv_size": [1, -0.5]}
							}
						},
						{
							"origin": [-0.46599, 2.67188, -4.8125],
							"size": [0.93198, 0.1875, 0.25],
							"uv": {
								"north": {"uv": [152, 152], "uv_size": [1, 0.5]},
								"east": {"uv": [153, 148], "uv_size": [0.5, 0.5]},
								"south": {"uv": [0, 153], "uv_size": [1, 0.5]},
								"west": {"uv": [149, 153], "uv_size": [0.5, 0.5]},
								"up": {"uv": [1, 153], "uv_size": [1, 0.5]},
								"down": {"uv": [2, 153.5], "uv_size": [1, -0.5]}
							}
						},
						{
							"origin": [0.9375, 1.26838, -4.8125],
							"size": [0.1875, 0.93198, 0.25],
							"pivot": [0, 1.73438, -5.0625],
							"rotation": [0, 0, 45],
							"uv": {
								"north": {"uv": [3, 153], "uv_size": [0.5, 1]},
								"east": {"uv": [4, 153], "uv_size": [0.5, 1]},
								"south": {"uv": [5, 153], "uv_size": [0.5, 1]},
								"west": {"uv": [6, 153], "uv_size": [0.5, 1]},
								"up": {"uv": [153, 149], "uv_size": [0.5, 0.5]},
								"down": {"uv": [150, 153.5], "uv_size": [0.5, -0.5]}
							}
						},
						{
							"origin": [0.9375, 1.26838, -4.8125],
							"size": [0.1875, 0.93198, 0.25],
							"uv": {
								"north": {"uv": [7, 153], "uv_size": [0.5, 1]},
								"east": {"uv": [8, 153], "uv_size": [0.5, 1]},
								"south": {"uv": [9, 153], "uv_size": [0.5, 1]},
								"west": {"uv": [10, 153], "uv_size": [0.5, 1]},
								"up": {"uv": [153, 150], "uv_size": [0.5, 0.5]},
								"down": {"uv": [151, 153.5], "uv_size": [0.5, -0.5]}
							}
						},
						{
							"origin": [-1.125, 1.26838, -4.8125],
							"size": [0.1875, 0.93198, 0.25],
							"pivot": [0, 1.73438, -5.0625],
							"rotation": [0, 0, 45],
							"uv": {
								"north": {"uv": [11, 153], "uv_size": [0.5, 1]},
								"east": {"uv": [12, 153], "uv_size": [0.5, 1]},
								"south": {"uv": [13, 153], "uv_size": [0.5, 1]},
								"west": {"uv": [14, 153], "uv_size": [0.5, 1]},
								"up": {"uv": [153, 151], "uv_size": [0.5, 0.5]},
								"down": {"uv": [152, 153.5], "uv_size": [0.5, -0.5]}
							}
						},
						{
							"origin": [-1.125, 1.26838, -4.8125],
							"size": [0.1875, 0.93198, 0.25],
							"uv": {
								"north": {"uv": [15, 153], "uv_size": [0.5, 1]},
								"east": {"uv": [16, 153], "uv_size": [0.5, 1]},
								"south": {"uv": [17, 153], "uv_size": [0.5, 1]},
								"west": {"uv": [18, 153], "uv_size": [0.5, 1]},
								"up": {"uv": [153, 152], "uv_size": [0.5, 0.5]},
								"down": {"uv": [153, 153.5], "uv_size": [0.5, -0.5]}
							}
						}
					]
				},
				{
					"name": "octagon18",
					"parent": "scope_body",
					"pivot": [0, 4.02635, -3.15108],
					"rotation": [-50, 0, 0],
					"cubes": [
						{
							"origin": [-0.51777, 2.77635, -3.27608],
							"size": [1.03553, 2.5, 0.25],
							"pivot": [0, 4.02635, -2.77608],
							"rotation": [0, 0, 45],
							"uv": {
								"north": {"uv": [137, 141], "uv_size": [1, 2.5]},
								"east": {"uv": [146, 128], "uv_size": [0.5, 2.5]},
								"south": {"uv": [138, 141], "uv_size": [1, 2.5]},
								"west": {"uv": [146, 131], "uv_size": [0.5, 2.5]},
								"up": {"uv": [19, 153], "uv_size": [1, 0.5]},
								"down": {"uv": [20, 153.5], "uv_size": [1, -0.5]}
							}
						},
						{
							"origin": [-0.51777, 2.77635, -3.27608],
							"size": [1.03553, 2.5, 0.25],
							"uv": {
								"north": {"uv": [139, 141], "uv_size": [1, 2.5]},
								"east": {"uv": [135, 146], "uv_size": [0.5, 2.5]},
								"south": {"uv": [140, 141], "uv_size": [1, 2.5]},
								"west": {"uv": [146, 136], "uv_size": [0.5, 2.5]},
								"up": {"uv": [21, 153], "uv_size": [1, 0.5]},
								"down": {"uv": [22, 153.5], "uv_size": [1, -0.5]}
							}
						},
						{
							"origin": [-0.20527, 2.21385, -3.21358],
							"size": [0.41053, 0.5625, 0.14063],
							"pivot": [0, 2.77635, -3.02608],
							"rotation": [-32.5, 0, 0],
							"uv": {
								"north": {"uv": [6, 154], "uv_size": [0.5, 0.5]},
								"east": {"uv": [7, 154], "uv_size": [0.5, 0.5]},
								"south": {"uv": [8, 154], "uv_size": [0.5, 0.5]},
								"west": {"uv": [9, 154], "uv_size": [0.5, 0.5]},
								"up": {"uv": [10, 154], "uv_size": [0.5, 0.5]},
								"down": {"uv": [11, 154.5], "uv_size": [0.5, -0.5]}
							}
						},
						{
							"origin": [-1.25, 3.50859, -3.27608],
							"size": [2.5, 1.03553, 0.25],
							"pivot": [0, 4.02635, -2.77608],
							"rotation": [0, 0, 45],
							"uv": {
								"north": {"uv": [141, 137], "uv_size": [2.5, 1]},
								"east": {"uv": [23, 153], "uv_size": [0.5, 1]},
								"south": {"uv": [141, 141], "uv_size": [2.5, 1]},
								"west": {"uv": [24, 153], "uv_size": [0.5, 1]},
								"up": {"uv": [146, 124], "uv_size": [2.5, 0.5]},
								"down": {"uv": [146, 125.5], "uv_size": [2.5, -0.5]}
							}
						},
						{
							"origin": [-1.25, 3.50859, -3.27608],
							"size": [2.5, 1.03553, 0.25],
							"uv": {
								"north": {"uv": [142, 100], "uv_size": [2.5, 1]},
								"east": {"uv": [25, 153], "uv_size": [0.5, 1]},
								"south": {"uv": [142, 101], "uv_size": [2.5, 1]},
								"west": {"uv": [26, 153], "uv_size": [0.5, 1]},
								"up": {"uv": [146, 134], "uv_size": [2.5, 0.5]},
								"down": {"uv": [146, 139.5], "uv_size": [2.5, -0.5]}
							}
						}
					]
				},
				{
					"name": "octagon17",
					"parent": "scope_body",
					"pivot": [0, 3.75998, 0.90598],
					"rotation": [55, 0, 0],
					"cubes": [
						{
							"origin": [-0.46599, 2.63498, 0.78098],
							"size": [0.93198, 2.25, 0.25],
							"pivot": [0, 3.75998, 1.28098],
							"rotation": [0, 0, 45],
							"uv": {
								"north": {"uv": [143, 128], "uv_size": [1, 2]},
								"east": {"uv": [148, 109], "uv_size": [0.5, 2]},
								"south": {"uv": [143, 130], "uv_size": [1, 2]},
								"west": {"uv": [148, 113], "uv_size": [0.5, 2]},
								"up": {"uv": [27, 153], "uv_size": [1, 0.5]},
								"down": {"uv": [28, 153.5], "uv_size": [1, -0.5]}
							}
						},
						{
							"origin": [-0.46599, 2.63498, 0.78098],
							"size": [0.93198, 2.25, 0.25],
							"uv": {
								"north": {"uv": [143, 132], "uv_size": [1, 2]},
								"east": {"uv": [148, 115], "uv_size": [0.5, 2]},
								"south": {"uv": [143, 134], "uv_size": [1, 2]},
								"west": {"uv": [148, 118], "uv_size": [0.5, 2]},
								"up": {"uv": [29, 153], "uv_size": [1, 0.5]},
								"down": {"uv": [30, 153.5], "uv_size": [1, -0.5]}
							}
						},
						{
							"origin": [-0.21599, 2.13498, 0.81223],
							"size": [0.43198, 0.5, 0.15625],
							"pivot": [0, 2.63498, 0.78098],
							"rotation": [20, 0, 0],
							"uv": {
								"north": {"uv": [0, 154], "uv_size": [0.5, 0.5]},
								"east": {"uv": [1, 154], "uv_size": [0.5, 0.5]},
								"south": {"uv": [2, 154], "uv_size": [0.5, 0.5]},
								"west": {"uv": [3, 154], "uv_size": [0.5, 0.5]},
								"up": {"uv": [4, 154], "uv_size": [0.5, 0.5]},
								"down": {"uv": [5, 154.5], "uv_size": [0.5, -0.5]}
							}
						},
						{
							"origin": [-1.125, 3.29399, 0.78098],
							"size": [2.25, 0.93198, 0.25],
							"pivot": [0, 3.75998, 1.28098],
							"rotation": [0, 0, 45],
							"uv": {
								"north": {"uv": [142, 102], "uv_size": [2.5, 1]},
								"east": {"uv": [31, 153], "uv_size": [0.5, 1]},
								"south": {"uv": [142, 103], "uv_size": [2.5, 1]},
								"west": {"uv": [32, 153], "uv_size": [0.5, 1]},
								"up": {"uv": [146, 140], "uv_size": [2.5, 0.5]},
								"down": {"uv": [146, 141.5], "uv_size": [2.5, -0.5]}
							}
						},
						{
							"origin": [-1.125, 3.29399, 0.78098],
							"size": [2.25, 0.93198, 0.25],
							"uv": {
								"north": {"uv": [142, 104], "uv_size": [2.5, 1]},
								"east": {"uv": [33, 153], "uv_size": [0.5, 1]},
								"south": {"uv": [142, 105], "uv_size": [2.5, 1]},
								"west": {"uv": [34, 153], "uv_size": [0.5, 1]},
								"up": {"uv": [142, 146], "uv_size": [2.5, 0.5]},
								"down": {"uv": [146, 142.5], "uv_size": [2.5, -0.5]}
							}
						}
					]
				},
				{
					"name": "octagon16",
					"parent": "scope_body",
					"pivot": [0, 1.75, -2],
					"cubes": [
						{
							"origin": [-0.37538, 0.84375, -2.6875],
							"size": [0.75076, 1.8125, 1.375],
							"pivot": [0, 1.75, -2],
							"rotation": [0, 0, 45],
							"uv": {
								"north": {"uv": [143, 138], "uv_size": [1, 2]},
								"east": {"uv": [137, 127], "uv_size": [1.5, 2]},
								"south": {"uv": [143, 142], "uv_size": [1, 2]},
								"west": {"uv": [137, 129], "uv_size": [1.5, 2]},
								"up": {"uv": [144, 140], "uv_size": [1, 1.5]},
								"down": {"uv": [142, 145.5], "uv_size": [1, -1.5]}
							}
						},
						{
							"origin": [-1.37538, 0.84375, -2.6875],
							"size": [1, 0.25, 1.375],
							"pivot": [-0.37538, 0.84375, -2],
							"rotation": [0, 0, 22.5],
							"uv": {
								"north": {"uv": [37, 153], "uv_size": [1, 0.5]},
								"east": {"uv": [149, 119], "uv_size": [1.5, 0.5]},
								"south": {"uv": [38, 153], "uv_size": [1, 0.5]},
								"west": {"uv": [149, 134], "uv_size": [1.5, 0.5]},
								"up": {"uv": [145, 107], "uv_size": [1, 1.5]},
								"down": {"uv": [145, 110.5], "uv_size": [1, -1.5]}
							}
						},
						{
							"origin": [-2.04926, 1.22643, -2.6875],
							"size": [0.75, 0.42188, 1.375],
							"pivot": [-1.29926, 1.22643, -2],
							"rotation": [0, 0, 90],
							"uv": {
								"north": {"uv": [39, 153], "uv_size": [1, 0.5]},
								"east": {"uv": [149, 139], "uv_size": [1.5, 0.5]},
								"south": {"uv": [40, 153], "uv_size": [1, 0.5]},
								"west": {"uv": [149, 140], "uv_size": [1.5, 0.5]},
								"up": {"uv": [145, 111], "uv_size": [1, 1.5]},
								"down": {"uv": [145, 119.5], "uv_size": [1, -1.5]}
							}
						},
						{
							"origin": [-2.34614, 1.22643, -2.6875],
							"size": [0.25, 0.42188, 1.375],
							"pivot": [-1.29926, 1.22643, -2],
							"rotation": [0, 0, 90],
							"uv": {
								"north": {"uv": [12, 154], "uv_size": [0.5, 0.5]},
								"east": {"uv": [149, 141], "uv_size": [1.5, 0.5]},
								"south": {"uv": [13, 154], "uv_size": [0.5, 0.5]},
								"west": {"uv": [149, 142], "uv_size": [1.5, 0.5]},
								"up": {"uv": [149, 143], "uv_size": [0.5, 1.5]},
								"down": {"uv": [149, 146.5], "uv_size": [0.5, -1.5]}
							}
						},
						{
							"origin": [-1.40082, 2.06237, -1.64062],
							"size": [0.4375, 0.20313, 0.20313],
							"pivot": [-1.15082, 2.14831, -1.55469],
							"rotation": [45, 0, 90],
							"uv": {
								"north": {"uv": [14, 154], "uv_size": [0.5, 0.5]},
								"east": {"uv": [15, 154], "uv_size": [0.5, 0.5]},
								"south": {"uv": [16, 154], "uv_size": [0.5, 0.5]},
								"west": {"uv": [17, 154], "uv_size": [0.5, 0.5]},
								"up": {"uv": [18, 154], "uv_size": [0.5, 0.5]},
								"down": {"uv": [19, 154.5], "uv_size": [0.5, -0.5]}
							}
						},
						{
							"origin": [-1.40082, 2.06237, -2.54687],
							"size": [0.4375, 0.20313, 0.20313],
							"pivot": [-1.15082, 2.14831, -2.46094],
							"rotation": [45, 0, 90],
							"uv": {
								"north": {"uv": [20, 154], "uv_size": [0.5, 0.5]},
								"east": {"uv": [21, 154], "uv_size": [0.5, 0.5]},
								"south": {"uv": [22, 154], "uv_size": [0.5, 0.5]},
								"west": {"uv": [23, 154], "uv_size": [0.5, 0.5]},
								"up": {"uv": [24, 154], "uv_size": [0.5, 0.5]},
								"down": {"uv": [25, 154.5], "uv_size": [0.5, -0.5]}
							}
						},
						{
							"origin": [-1.40082, 2.06237, -2.09375],
							"size": [0.4375, 0.20313, 0.20313],
							"pivot": [-1.15082, 2.14831, -2.00781],
							"rotation": [45, 0, 90],
							"uv": {
								"north": {"uv": [26, 154], "uv_size": [0.5, 0.5]},
								"east": {"uv": [27, 154], "uv_size": [0.5, 0.5]},
								"south": {"uv": [28, 154], "uv_size": [0.5, 0.5]},
								"west": {"uv": [29, 154], "uv_size": [0.5, 0.5]},
								"up": {"uv": [30, 154], "uv_size": [0.5, 0.5]},
								"down": {"uv": [31, 154.5], "uv_size": [0.5, -0.5]}
							}
						},
						{
							"origin": [-0.37538, 0.84375, -2.6875],
							"size": [0.75076, 1.8125, 1.375],
							"uv": {
								"north": {"uv": [144, 107], "uv_size": [1, 2]},
								"east": {"uv": [137, 131], "uv_size": [1.5, 2]},
								"south": {"uv": [144, 109], "uv_size": [1, 2]},
								"west": {"uv": [137, 133], "uv_size": [1.5, 2]},
								"up": {"uv": [144, 142], "uv_size": [1, 1.5]},
								"down": {"uv": [143, 145.5], "uv_size": [1, -1.5]}
							}
						},
						{
							"origin": [-0.50038, 0.65625, -2.6875],
							"size": [1.00076, 0.3125, 1.375],
							"uv": {
								"north": {"uv": [41, 153], "uv_size": [1, 0.5]},
								"east": {"uv": [146, 149], "uv_size": [1.5, 0.5]},
								"south": {"uv": [42, 153], "uv_size": [1, 0.5]},
								"west": {"uv": [149, 147], "uv_size": [1.5, 0.5]},
								"up": {"uv": [145, 120], "uv_size": [1, 1.5]},
								"down": {"uv": [145, 125.5], "uv_size": [1, -1.5]}
							}
						},
						{
							"origin": [0.37462, -0.875, -2.6875],
							"size": [0.12576, 1.53125, 0.45313],
							"pivot": [0.125, 0.65625, -2.6875],
							"rotation": [45, 0, 0],
							"uv": {
								"north": {"uv": [148, 149], "uv_size": [0.5, 1.5]},
								"east": {"uv": [149, 148], "uv_size": [0.5, 1.5]},
								"south": {"uv": [150, 100], "uv_size": [0.5, 1.5]},
								"west": {"uv": [150, 102], "uv_size": [0.5, 1.5]},
								"up": {"uv": [140, 154], "uv_size": [0.5, 0.5]},
								"down": {"uv": [154, 140.5], "uv_size": [0.5, -0.5]}
							}
						},
						{
							"origin": [0.37462, -1.32812, -2.23437],
							"size": [0.12576, 1.98438, 0.54688],
							"pivot": [0.125, 0.65625, -2.6875],
							"rotation": [45, 0, 0],
							"uv": {
								"north": {"uv": [138, 148], "uv_size": [0.5, 2]},
								"east": {"uv": [139, 148], "uv_size": [0.5, 2]},
								"south": {"uv": [140, 148], "uv_size": [0.5, 2]},
								"west": {"uv": [141, 148], "uv_size": [0.5, 2]},
								"up": {"uv": [141, 154], "uv_size": [0.5, 0.5]},
								"down": {"uv": [154, 141.5], "uv_size": [0.5, -0.5]}
							}
						},
						{
							"origin": [-0.50038, -1.32812, -2.23437],
							"size": [0.12576, 1.98438, 0.54688],
							"pivot": [-0.125, 0.65625, -2.6875],
							"rotation": [45, 0, 0],
							"uv": {
								"north": {"uv": [142, 148], "uv_size": [0.5, 2]},
								"east": {"uv": [143, 148], "uv_size": [0.5, 2]},
								"south": {"uv": [148, 143], "uv_size": [0.5, 2]},
								"west": {"uv": [144, 148], "uv_size": [0.5, 2]},
								"up": {"uv": [143, 154], "uv_size": [0.5, 0.5]},
								"down": {"uv": [154, 143.5], "uv_size": [0.5, -0.5]}
							}
						},
						{
							"origin": [-0.50038, -0.875, -2.6875],
							"size": [0.12576, 1.53125, 0.45313],
							"pivot": [-0.125, 0.65625, -2.6875],
							"rotation": [45, 0, 0],
							"uv": {
								"north": {"uv": [150, 104], "uv_size": [0.5, 1.5]},
								"east": {"uv": [150, 106], "uv_size": [0.5, 1.5]},
								"south": {"uv": [150, 108], "uv_size": [0.5, 1.5]},
								"west": {"uv": [150, 115], "uv_size": [0.5, 1.5]},
								"up": {"uv": [142, 154], "uv_size": [0.5, 0.5]},
								"down": {"uv": [154, 142.5], "uv_size": [0.5, -0.5]}
							}
						},
						{
							"origin": [-0.56288, -0.40625, -2.125],
							"size": [1.12576, 0.4375, 2.125],
							"inflate": 0.0025,
							"uv": {
								"north": {"uv": [43, 153], "uv_size": [1, 0.5]},
								"east": {"uv": [148, 111], "uv_size": [2, 0.5]},
								"south": {"uv": [44, 153], "uv_size": [1, 0.5]},
								"west": {"uv": [148, 120], "uv_size": [2, 0.5]},
								"up": {"uv": [144, 118], "uv_size": [1, 2]},
								"down": {"uv": [144, 122], "uv_size": [1, -2]}
							}
						},
						{
							"origin": [-0.62538, -0.3125, -1.4375],
							"size": [1.25076, 0.25, 0.25],
							"pivot": [0.03125, -0.1875, -1.3125],
							"rotation": [-45, 0, 0],
							"uv": {
								"north": {"uv": [150, 111], "uv_size": [1.5, 0.5]},
								"east": {"uv": [144, 154], "uv_size": [0.5, 0.5]},
								"south": {"uv": [150, 117], "uv_size": [1.5, 0.5]},
								"west": {"uv": [154, 144], "uv_size": [0.5, 0.5]},
								"up": {"uv": [150, 118], "uv_size": [1.5, 0.5]},
								"down": {"uv": [150, 120.5], "uv_size": [1.5, -0.5]}
							}
						},
						{
							"origin": [0.31288, -0.65625, -2.125],
							"size": [0.25, 0.25, 2.125],
							"pivot": [0.56288, -0.40625, -1.0625],
							"rotation": [0, 0, 67.5],
							"uv": {
								"north": {"uv": [138, 154], "uv_size": [0.5, 0.5]},
								"east": {"uv": [148, 121], "uv_size": [2, 0.5]},
								"south": {"uv": [154, 138], "uv_size": [0.5, 0.5]},
								"west": {"uv": [148, 122], "uv_size": [2, 0.5]},
								"up": {"uv": [148, 126], "uv_size": [0.5, 2]},
								"down": {"uv": [148, 130], "uv_size": [0.5, -2]}
							}
						},
						{
							"origin": [-0.56288, -0.65625, -2.125],
							"size": [0.25, 0.25, 2.125],
							"pivot": [-0.56288, -0.40625, -1.0625],
							"rotation": [0, 0, -67.5],
							"uv": {
								"north": {"uv": [139, 154], "uv_size": [0.5, 0.5]},
								"east": {"uv": [148, 123], "uv_size": [2, 0.5]},
								"south": {"uv": [154, 139], "uv_size": [0.5, 0.5]},
								"west": {"uv": [148, 130], "uv_size": [2, 0.5]},
								"up": {"uv": [136, 148], "uv_size": [0.5, 2]},
								"down": {"uv": [137, 150], "uv_size": [0.5, -2]}
							}
						},
						{
							"origin": [-0.90625, 1.37462, -2.6875],
							"size": [1.8125, 0.75076, 1.375],
							"pivot": [0, 1.75, -2],
							"rotation": [0, 0, 45],
							"uv": {
								"north": {"uv": [144, 114], "uv_size": [2, 1]},
								"east": {"uv": [144, 144], "uv_size": [1.5, 1]},
								"south": {"uv": [144, 115], "uv_size": [2, 1]},
								"west": {"uv": [145, 100], "uv_size": [1.5, 1]},
								"up": {"uv": [135, 137], "uv_size": [2, 1.5]},
								"down": {"uv": [137, 136.5], "uv_size": [2, -1.5]}
							}
						},
						{
							"origin": [-0.37538, 1.65625, -2.6875],
							"size": [0.25, 1, 1.375],
							"pivot": [-0.37538, 2.65625, -2],
							"rotation": [0, 0, 67.5],
							"uv": {
								"north": {"uv": [35, 153], "uv_size": [0.5, 1]},
								"east": {"uv": [145, 103], "uv_size": [1.5, 1]},
								"south": {"uv": [36, 153], "uv_size": [0.5, 1]},
								"west": {"uv": [145, 104], "uv_size": [1.5, 1]},
								"up": {"uv": [135, 149], "uv_size": [0.5, 1.5]},
								"down": {"uv": [149, 137.5], "uv_size": [0.5, -1.5]}
							}
						},
						{
							"origin": [-0.90625, 1.37462, -2.6875],
							"size": [1.8125, 0.75076, 1.375],
							"uv": {
								"north": {"uv": [144, 116], "uv_size": [2, 1]},
								"east": {"uv": [145, 101], "uv_size": [1.5, 1]},
								"south": {"uv": [144, 117], "uv_size": [2, 1]},
								"west": {"uv": [145, 102], "uv_size": [1.5, 1]},
								"up": {"uv": [137, 137], "uv_size": [2, 1.5]},
								"down": {"uv": [139, 108.5], "uv_size": [2, -1.5]}
							}
						}
					]
				},
				{
					"name": "division",
					"pivot": [-0.08437, 1.04688, -79.575],
					"cubes": [
						{
							"origin": [-1.3125, 0.60938, -80.75],
							"size": [2.375, 2.375, 0.25],
							"uv": {
								"south": {"uv": [0, 0], "uv_size": [12, 12]}
							}
						},
						{
							"origin": [-93.01875, -75.20312, -80.75],
							"size": [66.70625, 152.375, 0.25],
							"uv": {
								"south": {"uv": [0, 256], "uv_size": [0, 0]}
							}
						},
						{
							"origin": [25.92187, -75.20312, -80.75],
							"size": [67.26875, 152.375, 0.25],
							"uv": {
								"south": {"uv": [0, 255.5], "uv_size": [0, 0.5]}
							}
						},
						{
							"origin": [-26.3125, 27.17188, -80.75],
							"size": [52.375, 50, 0.25],
							"uv": {
								"south": {"uv": [0, 256], "uv_size": [0, 0]}
							}
						},
						{
							"origin": [-26.3125, -75.20312, -80.75],
							"size": [52.375, 50, 0.25],
							"uv": {
								"south": {"uv": [0, 256], "uv_size": [0, 0]}
							}
						}
					]
				},
				{
					"name": "ocular",
					"pivot": [0, 1.75, 1.45313],
					"cubes": [
						{
							"origin": [-0.90625, 1.37462, 1.57813],
							"size": [1.8125, 0.75076, 0],
							"inflate": 0.01663,
							"uv": {
								"south": {"uv": [143, 113], "uv_size": [2, 1]}
							}
						},
						{
							"origin": [-0.37538, 0.84375, 1.57813],
							"size": [0.75076, 1.8125, 0],
							"inflate": 0.01713,
							"uv": {
								"south": {"uv": [143, 109], "uv_size": [1, 2]}
							}
						},
						{
							"origin": [-0.37538, 0.84375, 1.57813],
							"size": [0.75076, 1.8125, 0],
							"pivot": [0, 1.75, 1.01563],
							"rotation": [0, 0, 45],
							"uv": {
								"south": {"uv": [141, 142], "uv_size": [1, 2]}
							}
						},
						{
							"origin": [-0.90625, 1.37462, 1.57813],
							"size": [1.8125, 0.75076, 0],
							"pivot": [0, 1.75, 1.01563],
							"rotation": [0, 0, 45],
							"uv": {
								"south": {"uv": [143, 111], "uv_size": [2, 1]}
							}
						}
					]
				},
				{
					"name": "ocular_ring",
					"pivot": [0, 1.75, 1.89844],
					"cubes": [
						{
							"origin": [-0.46599, 2.625, 1.5],
							"size": [0.93198, 0.25, 0.79688],
							"uv": {
								"north": {"uv": [139, 150], "uv_size": [1, 0.5]},
								"east": {"uv": [140, 150], "uv_size": [1, 0.5]},
								"south": {"uv": [141, 150], "uv_size": [1, 0.5]},
								"west": {"uv": [142, 150], "uv_size": [1, 0.5]},
								"up": {"uv": [147, 145], "uv_size": [1, 1]},
								"down": {"uv": [146, 148], "uv_size": [1, -1]}
							}
						},
						{
							"origin": [-0.46599, 2.625, 1.5],
							"size": [0.93198, 0.25, 0.79688],
							"pivot": [0, 1.75, 1.9375],
							"rotation": [0, 0, 45],
							"uv": {
								"north": {"uv": [137, 150], "uv_size": [1, 0.5]},
								"east": {"uv": [150, 137], "uv_size": [1, 0.5]},
								"south": {"uv": [138, 150], "uv_size": [1, 0.5]},
								"west": {"uv": [150, 138], "uv_size": [1, 0.5]},
								"up": {"uv": [147, 144], "uv_size": [1, 1]},
								"down": {"uv": [145, 148], "uv_size": [1, -1]}
							}
						},
						{
							"origin": [0.875, 1.28401, 1.5],
							"size": [0.25, 0.93198, 0.79688],
							"uv": {
								"north": {"uv": [145, 150], "uv_size": [0.5, 1]},
								"east": {"uv": [148, 100], "uv_size": [1, 1]},
								"south": {"uv": [150, 145], "uv_size": [0.5, 1]},
								"west": {"uv": [148, 101], "uv_size": [1, 1]},
								"up": {"uv": [146, 150], "uv_size": [0.5, 1]},
								"down": {"uv": [150, 147], "uv_size": [0.5, -1]}
							}
						},
						{
							"origin": [0.875, 1.28401, 1.5],
							"size": [0.25, 0.93198, 0.79688],
							"pivot": [0, 1.75, 1.9375],
							"rotation": [0, 0, 45],
							"uv": {
								"north": {"uv": [143, 150], "uv_size": [0.5, 1]},
								"east": {"uv": [147, 146], "uv_size": [1, 1]},
								"south": {"uv": [150, 143], "uv_size": [0.5, 1]},
								"west": {"uv": [147, 147], "uv_size": [1, 1]},
								"up": {"uv": [144, 150], "uv_size": [0.5, 1]},
								"down": {"uv": [150, 145], "uv_size": [0.5, -1]}
							}
						},
						{
							"origin": [-0.46599, 0.625, 1.5],
							"size": [0.93198, 0.25, 0.79688],
							"uv": {
								"north": {"uv": [150, 133], "uv_size": [1, 0.5]},
								"east": {"uv": [150, 135], "uv_size": [1, 0.5]},
								"south": {"uv": [136, 150], "uv_size": [1, 0.5]},
								"west": {"uv": [150, 136], "uv_size": [1, 0.5]},
								"up": {"uv": [143, 147], "uv_size": [1, 1]},
								"down": {"uv": [144, 148], "uv_size": [1, -1]}
							}
						},
						{
							"origin": [-0.46599, 0.625, 1.5],
							"size": [0.93198, 0.25, 0.79688],
							"pivot": [0, 1.75, 1.9375],
							"rotation": [0, 0, 45],
							"uv": {
								"north": {"uv": [150, 129], "uv_size": [1, 0.5]},
								"east": {"uv": [150, 130], "uv_size": [1, 0.5]},
								"south": {"uv": [150, 131], "uv_size": [1, 0.5]},
								"west": {"uv": [150, 132], "uv_size": [1, 0.5]},
								"up": {"uv": [147, 138], "uv_size": [1, 1]},
								"down": {"uv": [142, 148], "uv_size": [1, -1]}
							}
						},
						{
							"origin": [-1.125, 1.28401, 1.5],
							"size": [0.25, 0.93198, 0.79688],
							"uv": {
								"north": {"uv": [150, 150], "uv_size": [0.5, 1]},
								"east": {"uv": [148, 104], "uv_size": [1, 1]},
								"south": {"uv": [151, 100], "uv_size": [0.5, 1]},
								"west": {"uv": [148, 105], "uv_size": [1, 1]},
								"up": {"uv": [151, 101], "uv_size": [0.5, 1]},
								"down": {"uv": [151, 103], "uv_size": [0.5, -1]}
							}
						},
						{
							"origin": [-1.125, 1.28401, 1.5],
							"size": [0.25, 0.93198, 0.79688],
							"pivot": [0, 1.75, 1.9375],
							"rotation": [0, 0, 45],
							"uv": {
								"north": {"uv": [147, 150], "uv_size": [0.5, 1]},
								"east": {"uv": [148, 102], "uv_size": [1, 1]},
								"south": {"uv": [150, 148], "uv_size": [0.5, 1]},
								"west": {"uv": [148, 103], "uv_size": [1, 1]},
								"up": {"uv": [149, 150], "uv_size": [0.5, 1]},
								"down": {"uv": [150, 150], "uv_size": [0.5, -1]}
							}
						}
					]
				},
				{
					"name": "scope_view",
					"pivot": [0, 1.75, 6.25]
				}
			]
		}
	]
}